0 , 43 , 233 , 51.0
0 , 54 , 174 , 51.0
0 , 65 , 115 , 51.0
0 , 76 , 56 , 51.0
0 , 130 , 230 , 102.0
0 , 141 , 171 , 102.0
0 , 152 , 112 , 102.0
0 , 163 , 53 , 102.0
0 , 217 , 227 , 153.0
0 , 239 , 109 , 153.0
0 , 250 , 50 , 153.0
1 , 41 , 241 , 51.0
1 , 52 , 182 , 51.0
1 , 128 , 238 , 102.0
1 , 150 , 120 , 102.0
1 , 215 , 235 , 153.0
1 , 226 , 176 , 153.0
1 , 237 , 117 , 153.0
1 , 248 , 58 , 153.0
2 , 39 , 249 , 51.0
2 , 50 , 190 , 51.0
2 , 61 , 131 , 51.0
2 , 72 , 72 , 51.0
2 , 83 , 13 , 51.0
2 , 137 , 187 , 102.0
2 , 224 , 184 , 153.0
2 , 235 , 125 , 153.0
3 , 48 , 198 , 51.0
3 , 70 , 80 , 51.0
3 , 81 , 21 , 51.0
3 , 124 , 254 , 102.0
3 , 135 , 195 , 102.0
3 , 146 , 136 , 102.0
3 , 157 , 77 , 102.0
3 , 168 , 18 , 102.0
3 , 211 , 251 , 153.0
3 , 222 , 192 , 153.0
3 , 233 , 133 , 153.0
3 , 244 , 74 , 153.0
3 , 255 , 15 , 153.0
4 , 46 , 206 , 51.0
4 , 57 , 147 , 51.0
4 , 68 , 88 , 51.0
4 , 79 , 29 , 51.0
4 , 133 , 203 , 102.0
4 , 144 , 144 , 102.0
4 , 166 , 26 , 102.0
4 , 242 , 82 , 153.0
5 , 44 , 214 , 51.0
5 , 55 , 155 , 51.0
5 , 66 , 96 , 51.0
5 , 77 , 37 , 51.0
5 , 131 , 211 , 102.0
5 , 142 , 152 , 102.0
5 , 153 , 93 , 102.0
5 , 218 , 208 , 153.0
5 , 229 , 149 , 153.0
5 , 240 , 90 , 153.0
5 , 251 , 31 , 153.0
6 , 42 , 222 , 51.0
6 , 53 , 163 , 51.0
6 , 75 , 45 , 51.0
6 , 129 , 219 , 102.0
6 , 140 , 160 , 102.0
6 , 162 , 42 , 102.0
6 , 216 , 216 , 153.0
6 , 238 , 98 , 153.0
6 , 249 , 39 , 153.0
7 , 40 , 230 , 51.0
7 , 51 , 171 , 51.0
7 , 62 , 112 , 51.0
7 , 73 , 53 , 51.0
7 , 138 , 168 , 102.0
7 , 214 , 224 , 153.0
7 , 225 , 165 , 153.0
8 , 38 , 238 , 51.0
8 , 49 , 179 , 51.0
8 , 60 , 120 , 51.0
8 , 71 , 61 , 51.0
8 , 125 , 235 , 102.0
8 , 136 , 176 , 102.0
8 , 147 , 117 , 102.0
8 , 158 , 58 , 102.0
8 , 212 , 232 , 153.0
8 , 223 , 173 , 153.0
8 , 234 , 114 , 153.0
8 , 245 , 55 , 153.0
9 , 36 , 246 , 51.0
9 , 47 , 187 , 51.0
9 , 58 , 128 , 51.0
9 , 69 , 69 , 51.0
9 , 80 , 10 , 51.0
9 , 123 , 243 , 102.0
9 , 134 , 184 , 102.0
9 , 145 , 125 , 102.0
9 , 156 , 66 , 102.0
9 , 167 , 7 , 102.0
9 , 210 , 240 , 153.0
9 , 243 , 63 , 153.0
10 , 34 , 254 , 51.0
10 , 45 , 195 , 51.0
10 , 56 , 136 , 51.0
10 , 67 , 77 , 51.0
10 , 121 , 251 , 102.0
10 , 132 , 192 , 102.0
10 , 154 , 74 , 102.0
10 , 165 , 15 , 102.0
10 , 208 , 248 , 153.0
10 , 230 , 130 , 153.0
10 , 241 , 71 , 153.0
11 , 43 , 203 , 51.0
11 , 54 , 144 , 51.0
11 , 65 , 85 , 51.0
11 , 130 , 200 , 102.0
11 , 141 , 141 , 102.0
11 , 163 , 23 , 102.0
11 , 217 , 197 , 153.0
11 , 228 , 138 , 153.0
11 , 239 , 79 , 153.0
11 , 250 , 20 , 153.0
12 , 41 , 211 , 51.0
12 , 52 , 152 , 51.0
12 , 63 , 93 , 51.0
12 , 74 , 34 , 51.0
12 , 150 , 90 , 102.0
12 , 215 , 205 , 153.0
12 , 226 , 146 , 153.0
12 , 248 , 28 , 153.0
13 , 39 , 219 , 51.0
13 , 50 , 160 , 51.0
13 , 126 , 216 , 102.0
13 , 137 , 157 , 102.0
13 , 148 , 98 , 102.0
13 , 159 , 39 , 102.0
13 , 213 , 213 , 153.0
13 , 224 , 154 , 153.0
13 , 235 , 95 , 153.0
13 , 246 , 36 , 153.0
14 , 37 , 227 , 51.0
14 , 48 , 168 , 51.0
14 , 59 , 109 , 51.0
14 , 70 , 50 , 51.0
14 , 124 , 224 , 102.0
14 , 135 , 165 , 102.0
14 , 146 , 106 , 102.0
14 , 157 , 47 , 102.0
14 , 211 , 221 , 153.0
14 , 233 , 103 , 153.0
15 , 35 , 235 , 51.0
15 , 46 , 176 , 51.0
15 , 68 , 58 , 51.0
15 , 133 , 173 , 102.0
15 , 144 , 114 , 102.0
15 , 209 , 229 , 153.0
15 , 231 , 111 , 153.0
15 , 242 , 52 , 153.0
16 , 33 , 243 , 51.0
16 , 44 , 184 , 51.0
16 , 77 , 7 , 51.0
16 , 120 , 240 , 102.0
16 , 142 , 122 , 102.0
16 , 153 , 63 , 102.0
16 , 207 , 237 , 153.0
16 , 229 , 119 , 153.0
16 , 240 , 60 , 153.0
17 , 31 , 251 , 51.0
17 , 42 , 192 , 51.0
17 , 53 , 133 , 51.0
17 , 64 , 74 , 51.0
17 , 75 , 15 , 51.0
17 , 129 , 189 , 102.0
17 , 216 , 186 , 153.0
17 , 227 , 127 , 153.0
17 , 249 , 9 , 153.0
18 , 40 , 200 , 51.0
18 , 51 , 141 , 51.0
18 , 62 , 82 , 51.0
18 , 73 , 23 , 51.0
18 , 127 , 197 , 102.0
18 , 138 , 138 , 102.0
18 , 149 , 79 , 102.0
18 , 160 , 20 , 102.0
18 , 203 , 253 , 153.0
18 , 214 , 194 , 153.0
18 , 225 , 135 , 153.0
18 , 236 , 76 , 153.0
18 , 247 , 17 , 153.0
19 , 38 , 208 , 51.0
19 , 49 , 149 , 51.0
19 , 60 , 90 , 51.0
19 , 71 , 31 , 51.0
19 , 125 , 205 , 102.0
19 , 136 , 146 , 102.0
19 , 147 , 87 , 102.0
19 , 158 , 28 , 102.0
19 , 212 , 202 , 153.0
19 , 234 , 84 , 153.0
20 , 36 , 216 , 51.0
20 , 47 , 157 , 51.0
20 , 58 , 98 , 51.0
20 , 69 , 39 , 51.0
20 , 123 , 213 , 102.0
20 , 134 , 154 , 102.0
20 , 145 , 95 , 102.0
20 , 221 , 151 , 153.0
20 , 232 , 92 , 153.0
20 , 243 , 33 , 153.0
21 , 34 , 224 , 51.0
21 , 56 , 106 , 51.0
21 , 67 , 47 , 51.0
21 , 121 , 221 , 102.0
21 , 132 , 162 , 102.0
21 , 154 , 44 , 102.0
21 , 208 , 218 , 153.0
21 , 219 , 159 , 153.0
21 , 230 , 100 , 153.0
21 , 241 , 41 , 153.0
22 , 32 , 232 , 51.0
22 , 43 , 173 , 51.0
22 , 54 , 114 , 51.0
22 , 65 , 55 , 51.0
22 , 130 , 170 , 102.0
22 , 141 , 111 , 102.0
22 , 206 , 226 , 153.0
22 , 217 , 167 , 153.0
23 , 30 , 240 , 51.0
23 , 41 , 181 , 51.0
23 , 52 , 122 , 51.0
23 , 117 , 237 , 102.0
23 , 128 , 178 , 102.0
23 , 139 , 119 , 102.0
23 , 150 , 60 , 102.0
23 , 161 , 1 , 102.0
23 , 204 , 234 , 153.0
23 , 215 , 175 , 153.0
23 , 226 , 116 , 153.0
23 , 237 , 57 , 153.0
24 , 28 , 248 , 51.0
24 , 39 , 189 , 51.0
24 , 50 , 130 , 51.0
24 , 61 , 71 , 51.0
24 , 115 , 245 , 102.0
24 , 126 , 186 , 102.0
24 , 137 , 127 , 102.0
24 , 148 , 68 , 102.0
24 , 202 , 242 , 153.0
24 , 224 , 124 , 153.0
24 , 235 , 65 , 153.0
25 , 37 , 197 , 51.0
25 , 48 , 138 , 51.0
25 , 70 , 20 , 51.0
25 , 113 , 253 , 102.0
25 , 124 , 194 , 102.0
25 , 146 , 76 , 102.0
25 , 157 , 17 , 102.0
25 , 200 , 250 , 153.0
25 , 211 , 191 , 153.0
25 , 222 , 132 , 153.0
25 , 233 , 73 , 153.0
26 , 35 , 205 , 51.0
26 , 46 , 146 , 51.0
26 , 133 , 143 , 102.0
26 , 209 , 199 , 153.0
26 , 220 , 140 , 153.0
26 , 231 , 81 , 153.0
26 , 242 , 22 , 153.0
27 , 33 , 213 , 51.0
27 , 44 , 154 , 51.0
27 , 55 , 95 , 51.0
27 , 66 , 36 , 51.0
27 , 120 , 210 , 102.0
27 , 142 , 92 , 102.0
27 , 207 , 207 , 153.0
27 , 218 , 148 , 153.0
27 , 240 , 30 , 153.0
28 , 31 , 221 , 51.0
28 , 42 , 162 , 51.0
28 , 53 , 103 , 51.0
28 , 64 , 44 , 51.0
28 , 118 , 218 , 102.0
28 , 129 , 159 , 102.0
28 , 140 , 100 , 102.0
28 , 151 , 41 , 102.0
28 , 205 , 215 , 153.0
28 , 216 , 156 , 153.0
28 , 227 , 97 , 153.0
28 , 238 , 38 , 153.0
29 , 29 , 229 , 51.0
29 , 40 , 170 , 51.0
29 , 51 , 111 , 51.0
29 , 62 , 52 , 51.0
29 , 116 , 226 , 102.0
29 , 127 , 167 , 102.0
29 , 138 , 108 , 102.0
29 , 149 , 49 , 102.0
29 , 203 , 223 , 153.0
29 , 225 , 105 , 153.0
30 , 27 , 237 , 51.0
30 , 38 , 178 , 51.0
30 , 49 , 119 , 51.0
30 , 60 , 60 , 51.0
30 , 71 , 1 , 51.0
30 , 125 , 175 , 102.0
30 , 136 , 116 , 102.0
30 , 201 , 231 , 153.0
30 , 212 , 172 , 153.0
30 , 223 , 113 , 153.0
30 , 234 , 54 , 153.0
31 , 25 , 245 , 51.0
31 , 36 , 186 , 51.0
31 , 58 , 68 , 51.0
31 , 69 , 9 , 51.0
31 , 112 , 242 , 102.0
31 , 134 , 124 , 102.0
31 , 145 , 65 , 102.0
31 , 199 , 239 , 153.0
31 , 210 , 180 , 153.0
31 , 221 , 121 , 153.0
31 , 232 , 62 , 153.0
32 , 23 , 253 , 51.0
32 , 34 , 194 , 51.0
32 , 45 , 135 , 51.0
32 , 56 , 76 , 51.0
32 , 67 , 17 , 51.0
32 , 121 , 191 , 102.0
32 , 154 , 14 , 102.0
32 , 197 , 247 , 153.0
32 , 208 , 188 , 153.0
32 , 241 , 11 , 153.0
33 , 32 , 202 , 51.0
33 , 43 , 143 , 51.0
33 , 54 , 84 , 51.0
33 , 65 , 25 , 51.0
33 , 119 , 199 , 102.0
33 , 141 , 81 , 102.0
33 , 152 , 22 , 102.0
33 , 195 , 255 , 153.0
33 , 206 , 196 , 153.0
33 , 217 , 137 , 153.0
33 , 228 , 78 , 153.0
33 , 239 , 19 , 153.0
34 , 30 , 210 , 51.0
34 , 41 , 151 , 51.0
34 , 117 , 207 , 102.0
34 , 128 , 148 , 102.0
34 , 139 , 89 , 102.0
34 , 150 , 30 , 102.0
34 , 204 , 204 , 153.0
34 , 226 , 86 , 153.0
35 , 28 , 218 , 51.0
35 , 39 , 159 , 51.0
35 , 50 , 100 , 51.0
35 , 115 , 215 , 102.0
35 , 137 , 97 , 102.0
35 , 148 , 38 , 102.0
35 , 202 , 212 , 153.0
35 , 213 , 153 , 153.0
35 , 224 , 94 , 153.0
35 , 235 , 35 , 153.0
36 , 26 , 226 , 51.0
36 , 37 , 167 , 51.0
36 , 48 , 108 , 51.0
36 , 113 , 223 , 102.0
36 , 124 , 164 , 102.0
36 , 146 , 46 , 102.0
36 , 200 , 220 , 153.0
36 , 211 , 161 , 153.0
36 , 222 , 102 , 153.0
36 , 233 , 43 , 153.0
37 , 24 , 234 , 51.0
37 , 35 , 175 , 51.0
37 , 57 , 57 , 51.0
37 , 133 , 113 , 102.0
37 , 198 , 228 , 153.0
37 , 209 , 169 , 153.0
37 , 231 , 51 , 153.0
38 , 22 , 242 , 51.0
38 , 33 , 183 , 51.0
38 , 44 , 124 , 51.0
38 , 109 , 239 , 102.0
38 , 120 , 180 , 102.0
38 , 131 , 121 , 102.0
38 , 142 , 62 , 102.0
38 , 153 , 3 , 102.0
38 , 196 , 236 , 153.0
38 , 207 , 177 , 153.0
38 , 218 , 118 , 153.0
38 , 229 , 59 , 153.0
38 , 240 , 0 , 153.0
39 , 20 , 250 , 51.0
39 , 31 , 191 , 51.0
39 , 42 , 132 , 51.0
39 , 53 , 73 , 51.0
39 , 107 , 247 , 102.0
39 , 118 , 188 , 102.0
39 , 129 , 129 , 102.0
39 , 140 , 70 , 102.0
39 , 194 , 244 , 153.0
39 , 216 , 126 , 153.0
39 , 227 , 67 , 153.0
40 , 29 , 199 , 51.0
40 , 51 , 81 , 51.0
40 , 62 , 22 , 51.0
40 , 116 , 196 , 102.0
40 , 127 , 137 , 102.0
40 , 138 , 78 , 102.0
40 , 149 , 19 , 102.0
40 , 192 , 252 , 153.0
40 , 214 , 134 , 153.0
40 , 225 , 75 , 153.0
41 , 27 , 207 , 51.0
41 , 38 , 148 , 51.0
41 , 49 , 89 , 51.0
41 , 125 , 145 , 102.0
41 , 136 , 86 , 102.0
41 , 201 , 201 , 153.0
41 , 212 , 142 , 153.0
41 , 223 , 83 , 153.0
41 , 234 , 24 , 153.0
42 , 25 , 215 , 51.0
42 , 36 , 156 , 51.0
42 , 47 , 97 , 51.0
42 , 58 , 38 , 51.0
42 , 112 , 212 , 102.0
42 , 134 , 94 , 102.0
42 , 199 , 209 , 153.0
42 , 210 , 150 , 153.0
42 , 232 , 32 , 153.0
43 , 23 , 223 , 51.0
43 , 34 , 164 , 51.0
43 , 45 , 105 , 51.0
43 , 56 , 46 , 51.0
43 , 110 , 220 , 102.0
43 , 121 , 161 , 102.0
43 , 132 , 102 , 102.0
43 , 143 , 43 , 102.0
43 , 197 , 217 , 153.0
43 , 208 , 158 , 153.0
43 , 219 , 99 , 153.0
43 , 230 , 40 , 153.0
44 , 21 , 231 , 51.0
44 , 32 , 172 , 51.0
44 , 54 , 54 , 51.0
44 , 108 , 228 , 102.0
44 , 119 , 169 , 102.0
44 , 130 , 110 , 102.0
44 , 141 , 51 , 102.0
44 , 195 , 225 , 153.0
44 , 217 , 107 , 153.0
45 , 19 , 239 , 51.0
45 , 30 , 180 , 51.0
45 , 41 , 121 , 51.0
45 , 52 , 62 , 51.0
45 , 106 , 236 , 102.0
45 , 117 , 177 , 102.0
45 , 128 , 118 , 102.0
45 , 150 , 0 , 102.0
45 , 193 , 233 , 153.0
45 , 204 , 174 , 153.0
45 , 215 , 115 , 153.0
45 , 226 , 56 , 153.0
46 , 17 , 247 , 51.0
46 , 28 , 188 , 51.0
46 , 50 , 70 , 51.0
46 , 104 , 244 , 102.0
46 , 115 , 185 , 102.0
46 , 137 , 67 , 102.0
46 , 191 , 241 , 153.0
46 , 202 , 182 , 153.0
46 , 213 , 123 , 153.0
46 , 224 , 64 , 153.0
47 , 15 , 255 , 51.0
47 , 26 , 196 , 51.0
47 , 37 , 137 , 51.0
47 , 48 , 78 , 51.0
47 , 59 , 19 , 51.0
47 , 102 , 252 , 102.0
47 , 113 , 193 , 102.0
47 , 146 , 16 , 102.0
47 , 189 , 249 , 153.0
47 , 200 , 190 , 153.0
47 , 211 , 131 , 153.0
47 , 233 , 13 , 153.0
48 , 24 , 204 , 51.0
48 , 35 , 145 , 51.0
48 , 122 , 142 , 102.0
48 , 133 , 83 , 102.0
48 , 198 , 198 , 153.0
48 , 220 , 80 , 153.0
48 , 231 , 21 , 153.0
49 , 22 , 212 , 51.0
49 , 33 , 153 , 51.0
49 , 44 , 94 , 51.0
49 , 109 , 209 , 102.0
49 , 120 , 150 , 102.0
49 , 131 , 91 , 102.0
49 , 142 , 32 , 102.0
49 , 196 , 206 , 153.0
49 , 207 , 147 , 153.0
49 , 218 , 88 , 153.0
50 , 20 , 220 , 51.0
50 , 31 , 161 , 51.0
50 , 42 , 102 , 51.0
50 , 53 , 43 , 51.0
50 , 107 , 217 , 102.0
50 , 129 , 99 , 102.0
50 , 140 , 40 , 102.0
50 , 205 , 155 , 153.0
50 , 216 , 96 , 153.0
50 , 227 , 37 , 153.0
51 , 18 , 228 , 51.0
51 , 29 , 169 , 51.0
51 , 40 , 110 , 51.0
51 , 51 , 51 , 51.0
51 , 105 , 225 , 102.0
51 , 116 , 166 , 102.0
51 , 138 , 48 , 102.0
51 , 192 , 222 , 153.0
51 , 203 , 163 , 153.0
51 , 214 , 104 , 153.0
51 , 225 , 45 , 153.0
52 , 16 , 236 , 51.0
52 , 27 , 177 , 51.0
52 , 38 , 118 , 51.0
52 , 49 , 59 , 51.0
52 , 60 , 0 , 51.0
52 , 125 , 115 , 102.0
52 , 190 , 230 , 153.0
52 , 201 , 171 , 153.0
52 , 212 , 112 , 153.0
52 , 223 , 53 , 153.0
53 , 14 , 244 , 51.0
53 , 25 , 185 , 51.0
53 , 36 , 126 , 51.0
53 , 58 , 8 , 51.0
53 , 101 , 241 , 102.0
53 , 123 , 123 , 102.0
53 , 188 , 238 , 153.0
53 , 199 , 179 , 153.0
53 , 221 , 61 , 153.0
53 , 232 , 2 , 153.0
54 , 12 , 252 , 51.0
54 , 23 , 193 , 51.0
54 , 34 , 134 , 51.0
54 , 45 , 75 , 51.0
54 , 99 , 249 , 102.0
54 , 110 , 190 , 102.0
54 , 121 , 131 , 102.0
54 , 132 , 72 , 102.0
54 , 143 , 13 , 102.0
54 , 186 , 246 , 153.0
54 , 208 , 128 , 153.0
55 , 21 , 201 , 51.0
55 , 43 , 83 , 51.0
55 , 54 , 24 , 51.0
55 , 108 , 198 , 102.0
55 , 119 , 139 , 102.0
55 , 130 , 80 , 102.0
55 , 141 , 21 , 102.0
55 , 184 , 254 , 153.0
55 , 195 , 195 , 153.0
55 , 206 , 136 , 153.0
55 , 217 , 77 , 153.0
56 , 19 , 209 , 51.0
56 , 30 , 150 , 51.0
56 , 106 , 206 , 102.0
56 , 117 , 147 , 102.0
56 , 128 , 88 , 102.0
56 , 193 , 203 , 153.0
56 , 204 , 144 , 153.0
56 , 215 , 85 , 153.0
57 , 17 , 217 , 51.0
57 , 28 , 158 , 51.0
57 , 39 , 99 , 51.0
57 , 104 , 214 , 102.0
57 , 137 , 37 , 102.0
57 , 191 , 211 , 153.0
57 , 202 , 152 , 153.0
57 , 224 , 34 , 153.0
58 , 15 , 225 , 51.0
58 , 26 , 166 , 51.0
58 , 37 , 107 , 51.0
58 , 48 , 48 , 51.0
58 , 102 , 222 , 102.0
58 , 113 , 163 , 102.0
58 , 124 , 104 , 102.0
58 , 189 , 219 , 153.0
58 , 200 , 160 , 153.0
58 , 211 , 101 , 153.0
58 , 222 , 42 , 153.0
59 , 13 , 233 , 51.0
59 , 24 , 174 , 51.0
59 , 46 , 56 , 51.0
59 , 100 , 230 , 102.0
59 , 111 , 171 , 102.0
59 , 122 , 112 , 102.0
59 , 133 , 53 , 102.0
59 , 187 , 227 , 153.0
59 , 209 , 109 , 153.0
60 , 11 , 241 , 51.0
60 , 22 , 182 , 51.0
60 , 33 , 123 , 51.0
60 , 98 , 238 , 102.0
60 , 109 , 179 , 102.0
60 , 120 , 120 , 102.0
60 , 142 , 2 , 102.0
60 , 185 , 235 , 153.0
60 , 196 , 176 , 153.0
60 , 207 , 117 , 153.0
60 , 218 , 58 , 153.0
61 , 9 , 249 , 51.0
61 , 20 , 190 , 51.0
61 , 31 , 131 , 51.0
61 , 42 , 72 , 51.0
61 , 53 , 13 , 51.0
61 , 96 , 246 , 102.0
61 , 107 , 187 , 102.0
61 , 129 , 69 , 102.0
61 , 183 , 243 , 153.0
61 , 194 , 184 , 153.0
61 , 205 , 125 , 153.0
61 , 216 , 66 , 153.0
62 , 18 , 198 , 51.0
62 , 40 , 80 , 51.0
62 , 51 , 21 , 51.0
62 , 105 , 195 , 102.0
62 , 116 , 136 , 102.0
62 , 138 , 18 , 102.0
62 , 181 , 251 , 153.0
62 , 192 , 192 , 153.0
62 , 203 , 133 , 153.0
62 , 214 , 74 , 153.0
62 , 225 , 15 , 153.0
63 , 16 , 206 , 51.0
63 , 27 , 147 , 51.0
63 , 49 , 29 , 51.0
63 , 114 , 144 , 102.0
63 , 125 , 85 , 102.0
63 , 190 , 200 , 153.0
63 , 212 , 82 , 153.0
63 , 223 , 23 , 153.0
64 , 14 , 214 , 51.0
64 , 25 , 155 , 51.0
64 , 36 , 96 , 51.0
64 , 101 , 211 , 102.0
64 , 112 , 152 , 102.0
64 , 123 , 93 , 102.0
64 , 134 , 34 , 102.0
64 , 199 , 149 , 153.0
64 , 210 , 90 , 153.0
65 , 12 , 222 , 51.0
65 , 23 , 163 , 51.0
65 , 34 , 104 , 51.0
65 , 45 , 45 , 51.0
65 , 99 , 219 , 102.0
65 , 110 , 160 , 102.0
65 , 121 , 101 , 102.0
65 , 132 , 42 , 102.0
65 , 186 , 216 , 153.0
65 , 197 , 157 , 153.0
65 , 208 , 98 , 153.0
66 , 10 , 230 , 51.0
66 , 21 , 171 , 51.0
66 , 32 , 112 , 51.0
66 , 43 , 53 , 51.0
66 , 97 , 227 , 102.0
66 , 108 , 168 , 102.0
66 , 130 , 50 , 102.0
66 , 184 , 224 , 153.0
66 , 195 , 165 , 153.0
66 , 206 , 106 , 153.0
66 , 217 , 47 , 153.0
67 , 8 , 238 , 51.0
67 , 19 , 179 , 51.0
67 , 30 , 120 , 51.0
67 , 52 , 2 , 51.0
67 , 95 , 235 , 102.0
67 , 106 , 176 , 102.0
67 , 117 , 117 , 102.0
67 , 182 , 232 , 153.0
67 , 193 , 173 , 153.0
67 , 204 , 114 , 153.0
67 , 215 , 55 , 153.0
68 , 6 , 246 , 51.0
68 , 17 , 187 , 51.0
68 , 28 , 128 , 51.0
68 , 39 , 69 , 51.0
68 , 50 , 10 , 51.0
68 , 93 , 243 , 102.0
68 , 115 , 125 , 102.0
68 , 180 , 240 , 153.0
68 , 191 , 181 , 153.0
68 , 213 , 63 , 153.0
68 , 224 , 4 , 153.0
69 , 4 , 254 , 51.0
69 , 15 , 195 , 51.0
69 , 26 , 136 , 51.0
69 , 37 , 77 , 51.0
69 , 91 , 251 , 102.0
69 , 102 , 192 , 102.0
69 , 113 , 133 , 102.0
69 , 124 , 74 , 102.0
69 , 135 , 15 , 102.0
69 , 178 , 248 , 153.0
69 , 200 , 130 , 153.0
69 , 211 , 71 , 153.0
70 , 13 , 203 , 51.0
70 , 24 , 144 , 51.0
70 , 35 , 85 , 51.0
70 , 46 , 26 , 51.0
70 , 100 , 200 , 102.0
70 , 111 , 141 , 102.0
70 , 133 , 23 , 102.0
70 , 187 , 197 , 153.0
70 , 198 , 138 , 153.0
70 , 209 , 79 , 153.0
71 , 11 , 211 , 51.0
71 , 22 , 152 , 51.0
71 , 33 , 93 , 51.0
71 , 44 , 34 , 51.0
71 , 98 , 208 , 102.0
71 , 109 , 149 , 102.0
71 , 120 , 90 , 102.0
71 , 185 , 205 , 153.0
71 , 196 , 146 , 153.0
71 , 207 , 87 , 153.0
72 , 9 , 219 , 51.0
72 , 20 , 160 , 51.0
72 , 31 , 101 , 51.0
72 , 96 , 216 , 102.0
72 , 129 , 39 , 102.0
72 , 183 , 213 , 153.0
72 , 194 , 154 , 153.0
72 , 216 , 36 , 153.0
73 , 7 , 227 , 51.0
73 , 18 , 168 , 51.0
73 , 29 , 109 , 51.0
73 , 40 , 50 , 51.0
73 , 105 , 165 , 102.0
73 , 116 , 106 , 102.0
73 , 181 , 221 , 153.0
73 , 192 , 162 , 153.0
73 , 203 , 103 , 153.0
73 , 214 , 44 , 153.0
74 , 5 , 235 , 51.0
74 , 16 , 176 , 51.0
74 , 38 , 58 , 51.0
74 , 103 , 173 , 102.0
74 , 114 , 114 , 102.0
74 , 125 , 55 , 102.0
74 , 179 , 229 , 153.0
74 , 201 , 111 , 153.0
74 , 212 , 52 , 153.0
75 , 3 , 243 , 51.0
75 , 14 , 184 , 51.0
75 , 25 , 125 , 51.0
75 , 47 , 7 , 51.0
75 , 90 , 240 , 102.0
75 , 101 , 181 , 102.0
75 , 112 , 122 , 102.0
75 , 123 , 63 , 102.0
75 , 134 , 4 , 102.0
75 , 177 , 237 , 153.0
75 , 188 , 178 , 153.0
75 , 199 , 119 , 153.0
75 , 221 , 1 , 153.0
76 , 1 , 251 , 51.0
76 , 12 , 192 , 51.0
76 , 23 , 133 , 51.0
76 , 34 , 74 , 51.0
76 , 88 , 248 , 102.0
76 , 99 , 189 , 102.0
76 , 121 , 71 , 102.0
76 , 175 , 245 , 153.0
76 , 186 , 186 , 153.0
76 , 197 , 127 , 153.0
76 , 208 , 68 , 153.0
76 , 219 , 9 , 153.0
77 , 10 , 200 , 51.0
77 , 32 , 82 , 51.0
77 , 43 , 23 , 51.0
77 , 97 , 197 , 102.0
77 , 108 , 138 , 102.0
77 , 130 , 20 , 102.0
77 , 173 , 253 , 153.0
77 , 184 , 194 , 153.0
77 , 195 , 135 , 153.0
77 , 206 , 76 , 153.0
77 , 217 , 17 , 153.0
78 , 8 , 208 , 51.0
78 , 19 , 149 , 51.0
78 , 41 , 31 , 51.0
78 , 106 , 146 , 102.0
78 , 117 , 87 , 102.0
78 , 182 , 202 , 153.0
78 , 204 , 84 , 153.0
78 , 215 , 25 , 153.0
79 , 6 , 216 , 51.0
79 , 17 , 157 , 51.0
79 , 28 , 98 , 51.0
79 , 93 , 213 , 102.0
79 , 104 , 154 , 102.0
79 , 115 , 95 , 102.0
79 , 191 , 151 , 153.0
79 , 202 , 92 , 153.0
80 , 4 , 224 , 51.0
80 , 15 , 165 , 51.0
80 , 26 , 106 , 51.0
80 , 37 , 47 , 51.0
80 , 91 , 221 , 102.0
80 , 102 , 162 , 102.0
80 , 113 , 103 , 102.0
80 , 124 , 44 , 102.0
80 , 189 , 159 , 153.0
80 , 200 , 100 , 153.0
80 , 211 , 41 , 153.0
81 , 2 , 232 , 51.0
81 , 13 , 173 , 51.0
81 , 24 , 114 , 51.0
81 , 35 , 55 , 51.0
81 , 89 , 229 , 102.0
81 , 100 , 170 , 102.0
81 , 111 , 111 , 102.0
81 , 176 , 226 , 153.0
81 , 187 , 167 , 153.0
81 , 198 , 108 , 153.0
82 , 0 , 240 , 51.0
82 , 11 , 181 , 51.0
82 , 22 , 122 , 51.0
82 , 87 , 237 , 102.0
82 , 98 , 178 , 102.0
82 , 109 , 119 , 102.0
82 , 174 , 234 , 153.0
82 , 185 , 175 , 153.0
82 , 196 , 116 , 153.0
82 , 207 , 57 , 153.0
83 , 9 , 189 , 51.0
83 , 20 , 130 , 51.0
83 , 31 , 71 , 51.0
83 , 85 , 245 , 102.0
83 , 96 , 186 , 102.0
83 , 107 , 127 , 102.0
83 , 172 , 242 , 153.0
83 , 183 , 183 , 153.0
83 , 194 , 124 , 153.0
83 , 205 , 65 , 153.0
83 , 216 , 6 , 153.0
84 , 7 , 197 , 51.0
84 , 18 , 138 , 51.0
84 , 29 , 79 , 51.0
84 , 40 , 20 , 51.0
84 , 83 , 253 , 102.0
84 , 94 , 194 , 102.0
84 , 116 , 76 , 102.0
84 , 127 , 17 , 102.0
84 , 170 , 250 , 153.0
84 , 192 , 132 , 153.0
84 , 203 , 73 , 153.0
85 , 5 , 205 , 51.0
85 , 16 , 146 , 51.0
85 , 27 , 87 , 51.0
85 , 38 , 28 , 51.0
85 , 92 , 202 , 102.0
85 , 103 , 143 , 102.0
85 , 125 , 25 , 102.0
85 , 179 , 199 , 153.0
85 , 190 , 140 , 153.0
85 , 255 , 255 , 204.0
86 , 3 , 213 , 51.0
86 , 14 , 154 , 51.0
86 , 25 , 95 , 51.0
86 , 36 , 36 , 51.0
86 , 90 , 210 , 102.0
86 , 101 , 151 , 102.0
86 , 112 , 92 , 102.0
86 , 177 , 207 , 153.0
86 , 188 , 148 , 153.0
86 , 199 , 89 , 153.0
86 , 210 , 30 , 153.0
87 , 1 , 221 , 51.0
87 , 12 , 162 , 51.0
87 , 34 , 44 , 51.0
87 , 88 , 218 , 102.0
87 , 121 , 41 , 102.0
87 , 175 , 215 , 153.0
87 , 186 , 156 , 153.0
87 , 208 , 38 , 153.0
88 , 10 , 170 , 51.0
88 , 21 , 111 , 51.0
88 , 32 , 52 , 51.0
88 , 97 , 167 , 102.0
88 , 108 , 108 , 102.0
88 , 173 , 223 , 153.0
88 , 195 , 105 , 153.0
88 , 206 , 46 , 153.0
89 , 8 , 178 , 51.0
89 , 19 , 119 , 51.0
89 , 30 , 60 , 51.0
89 , 41 , 1 , 51.0
89 , 95 , 175 , 102.0
89 , 106 , 116 , 102.0
89 , 117 , 57 , 102.0
89 , 171 , 231 , 153.0
89 , 182 , 172 , 153.0
89 , 193 , 113 , 153.0
89 , 204 , 54 , 153.0
90 , 6 , 186 , 51.0
90 , 17 , 127 , 51.0
90 , 28 , 68 , 51.0
90 , 39 , 9 , 51.0
90 , 82 , 242 , 102.0
90 , 93 , 183 , 102.0
90 , 104 , 124 , 102.0
90 , 115 , 65 , 102.0
90 , 169 , 239 , 153.0
90 , 180 , 180 , 153.0
90 , 191 , 121 , 153.0
90 , 202 , 62 , 153.0
90 , 213 , 3 , 153.0
91 , 4 , 194 , 51.0
91 , 15 , 135 , 51.0
91 , 26 , 76 , 51.0
91 , 80 , 250 , 102.0
91 , 91 , 191 , 102.0
91 , 102 , 132 , 102.0
91 , 113 , 73 , 102.0
91 , 124 , 14 , 102.0
91 , 167 , 247 , 153.0
91 , 178 , 188 , 153.0
91 , 189 , 129 , 153.0
91 , 200 , 70 , 153.0
91 , 211 , 11 , 153.0
91 , 254 , 244 , 204.0
92 , 2 , 202 , 51.0
92 , 13 , 143 , 51.0
92 , 24 , 84 , 51.0
92 , 35 , 25 , 51.0
92 , 89 , 199 , 102.0
92 , 100 , 140 , 102.0
92 , 165 , 255 , 153.0
92 , 176 , 196 , 153.0
92 , 187 , 137 , 153.0
92 , 198 , 78 , 153.0
92 , 209 , 19 , 153.0
93 , 0 , 210 , 51.0
93 , 11 , 151 , 51.0
93 , 33 , 33 , 51.0
93 , 98 , 148 , 102.0
93 , 174 , 204 , 153.0
93 , 196 , 86 , 153.0
93 , 207 , 27 , 153.0
94 , 9 , 159 , 51.0
94 , 20 , 100 , 51.0
94 , 85 , 215 , 102.0
94 , 96 , 156 , 102.0
94 , 107 , 97 , 102.0
94 , 118 , 38 , 102.0
94 , 183 , 153 , 153.0
94 , 194 , 94 , 153.0
95 , 7 , 167 , 51.0
95 , 18 , 108 , 51.0
95 , 29 , 49 , 51.0
95 , 83 , 223 , 102.0
95 , 94 , 164 , 102.0
95 , 116 , 46 , 102.0
95 , 170 , 220 , 153.0
95 , 181 , 161 , 153.0
95 , 192 , 102 , 153.0
96 , 5 , 175 , 51.0
96 , 27 , 57 , 51.0
96 , 81 , 231 , 102.0
96 , 103 , 113 , 102.0
96 , 168 , 228 , 153.0
96 , 179 , 169 , 153.0
96 , 201 , 51 , 153.0
96 , 255 , 225 , 204.0
97 , 3 , 183 , 51.0
97 , 14 , 124 , 51.0
97 , 79 , 239 , 102.0
97 , 101 , 121 , 102.0
97 , 112 , 62 , 102.0
97 , 166 , 236 , 153.0
97 , 177 , 177 , 153.0
97 , 199 , 59 , 153.0
97 , 210 , 0 , 153.0
98 , 1 , 191 , 51.0
98 , 12 , 132 , 51.0
98 , 23 , 73 , 51.0
98 , 77 , 247 , 102.0
98 , 88 , 188 , 102.0
98 , 99 , 129 , 102.0
98 , 164 , 244 , 153.0
98 , 175 , 185 , 153.0
98 , 186 , 126 , 153.0
98 , 197 , 67 , 153.0
98 , 208 , 8 , 153.0
98 , 251 , 241 , 204.0
99 , 10 , 140 , 51.0
99 , 21 , 81 , 51.0
99 , 32 , 22 , 51.0
99 , 75 , 255 , 102.0
99 , 86 , 196 , 102.0
99 , 97 , 137 , 102.0
99 , 108 , 78 , 102.0
99 , 119 , 19 , 102.0
99 , 162 , 252 , 153.0
99 , 184 , 134 , 153.0
99 , 195 , 75 , 153.0
99 , 249 , 249 , 204.0
100 , 8 , 148 , 51.0
100 , 19 , 89 , 51.0
100 , 30 , 30 , 51.0
100 , 84 , 204 , 102.0
100 , 95 , 145 , 102.0
100 , 106 , 86 , 102.0
100 , 117 , 27 , 102.0
100 , 171 , 201 , 153.0
100 , 182 , 142 , 153.0
100 , 193 , 83 , 153.0
100 , 204 , 24 , 153.0
101 , 6 , 156 , 51.0
101 , 17 , 97 , 51.0
101 , 82 , 212 , 102.0
101 , 104 , 94 , 102.0
101 , 169 , 209 , 153.0
101 , 180 , 150 , 153.0
101 , 191 , 91 , 153.0
101 , 202 , 32 , 153.0
102 , 4 , 164 , 51.0
102 , 15 , 105 , 51.0
102 , 26 , 46 , 51.0
102 , 80 , 220 , 102.0
102 , 91 , 161 , 102.0
102 , 102 , 102 , 102.0
102 , 113 , 43 , 102.0
102 , 167 , 217 , 153.0
102 , 178 , 158 , 153.0
102 , 189 , 99 , 153.0
102 , 200 , 40 , 153.0
103 , 2 , 172 , 51.0
103 , 13 , 113 , 51.0
103 , 24 , 54 , 51.0
103 , 89 , 169 , 102.0
103 , 100 , 110 , 102.0
103 , 165 , 225 , 153.0
103 , 187 , 107 , 153.0
103 , 198 , 48 , 153.0
103 , 252 , 222 , 204.0
104 , 0 , 180 , 51.0
104 , 11 , 121 , 51.0
104 , 22 , 62 , 51.0
104 , 33 , 3 , 51.0
104 , 76 , 236 , 102.0
104 , 87 , 177 , 102.0
104 , 98 , 118 , 102.0
104 , 109 , 59 , 102.0
104 , 120 , 0 , 102.0
104 , 163 , 233 , 153.0
104 , 174 , 174 , 153.0
104 , 185 , 115 , 153.0
104 , 196 , 56 , 153.0
104 , 250 , 230 , 204.0
105 , 9 , 129 , 51.0
105 , 20 , 70 , 51.0
105 , 31 , 11 , 51.0
105 , 74 , 244 , 102.0
105 , 85 , 185 , 102.0
105 , 96 , 126 , 102.0
105 , 107 , 67 , 102.0
105 , 161 , 241 , 153.0
105 , 172 , 182 , 153.0
105 , 183 , 123 , 153.0
105 , 205 , 5 , 153.0
105 , 248 , 238 , 204.0
106 , 7 , 137 , 51.0
106 , 29 , 19 , 51.0
106 , 72 , 252 , 102.0
106 , 83 , 193 , 102.0
106 , 105 , 75 , 102.0
106 , 116 , 16 , 102.0
106 , 159 , 249 , 153.0
106 , 170 , 190 , 153.0
106 , 203 , 13 , 153.0
106 , 246 , 246 , 204.0
107 , 5 , 145 , 51.0
107 , 16 , 86 , 51.0
107 , 27 , 27 , 51.0
107 , 81 , 201 , 102.0
107 , 92 , 142 , 102.0
107 , 103 , 83 , 102.0
107 , 168 , 198 , 153.0
107 , 179 , 139 , 153.0
107 , 190 , 80 , 153.0
107 , 201 , 21 , 153.0
108 , 3 , 153 , 51.0
108 , 14 , 94 , 51.0
108 , 25 , 35 , 51.0
108 , 90 , 150 , 102.0
108 , 101 , 91 , 102.0
108 , 166 , 206 , 153.0
108 , 177 , 147 , 153.0
108 , 188 , 88 , 153.0
108 , 199 , 29 , 153.0
108 , 253 , 203 , 204.0
109 , 1 , 161 , 51.0
109 , 23 , 43 , 51.0
109 , 77 , 217 , 102.0
109 , 110 , 40 , 102.0
109 , 175 , 155 , 153.0
109 , 186 , 96 , 153.0
109 , 251 , 211 , 204.0
110 , 10 , 110 , 51.0
110 , 21 , 51 , 51.0
110 , 75 , 225 , 102.0
110 , 86 , 166 , 102.0
110 , 108 , 48 , 102.0
110 , 162 , 222 , 153.0
110 , 173 , 163 , 153.0
110 , 184 , 104 , 153.0
110 , 195 , 45 , 153.0
110 , 249 , 219 , 204.0
111 , 8 , 118 , 51.0
111 , 19 , 59 , 51.0
111 , 30 , 0 , 51.0
111 , 73 , 233 , 102.0
111 , 95 , 115 , 102.0
111 , 106 , 56 , 102.0
111 , 160 , 230 , 153.0
111 , 171 , 171 , 153.0
111 , 182 , 112 , 153.0
111 , 193 , 53 , 153.0
112 , 6 , 126 , 51.0
112 , 17 , 67 , 51.0
112 , 93 , 123 , 102.0
112 , 158 , 238 , 153.0
112 , 169 , 179 , 153.0
112 , 191 , 61 , 153.0
112 , 202 , 2 , 153.0
113 , 4 , 134 , 51.0
113 , 15 , 75 , 51.0
113 , 69 , 249 , 102.0
113 , 80 , 190 , 102.0
113 , 91 , 131 , 102.0
113 , 102 , 72 , 102.0
113 , 113 , 13 , 102.0
113 , 156 , 246 , 153.0
113 , 167 , 187 , 153.0
113 , 178 , 128 , 153.0
113 , 189 , 69 , 153.0
113 , 200 , 10 , 153.0
113 , 243 , 243 , 204.0
113 , 254 , 184 , 204.0
114 , 13 , 83 , 51.0
114 , 24 , 24 , 51.0
114 , 78 , 198 , 102.0
114 , 89 , 139 , 102.0
114 , 111 , 21 , 102.0
114 , 154 , 254 , 153.0
114 , 176 , 136 , 153.0
114 , 187 , 77 , 153.0
114 , 241 , 251 , 204.0
115 , 0 , 150 , 51.0
115 , 11 , 91 , 51.0
115 , 22 , 32 , 51.0
115 , 76 , 206 , 102.0
115 , 87 , 147 , 102.0
115 , 98 , 88 , 102.0
115 , 109 , 29 , 102.0
115 , 174 , 144 , 153.0
115 , 196 , 26 , 153.0
115 , 250 , 200 , 204.0
116 , 9 , 99 , 51.0
116 , 74 , 214 , 102.0
116 , 96 , 96 , 102.0
116 , 107 , 37 , 102.0
116 , 161 , 211 , 153.0
116 , 194 , 34 , 153.0
116 , 248 , 208 , 204.0
117 , 7 , 107 , 51.0
117 , 18 , 48 , 51.0
117 , 72 , 222 , 102.0
117 , 83 , 163 , 102.0
117 , 94 , 104 , 102.0
117 , 105 , 45 , 102.0
117 , 159 , 219 , 153.0
117 , 170 , 160 , 153.0
117 , 181 , 101 , 153.0
117 , 192 , 42 , 153.0
118 , 5 , 115 , 51.0
118 , 16 , 56 , 51.0
118 , 81 , 171 , 102.0
118 , 92 , 112 , 102.0
118 , 157 , 227 , 153.0
118 , 179 , 109 , 153.0
118 , 190 , 50 , 153.0
118 , 244 , 224 , 204.0
118 , 255 , 165 , 204.0
119 , 3 , 123 , 51.0
119 , 68 , 238 , 102.0
119 , 79 , 179 , 102.0
119 , 112 , 2 , 102.0
119 , 166 , 176 , 153.0
119 , 177 , 117 , 153.0
119 , 242 , 232 , 204.0
120 , 1 , 131 , 51.0
120 , 12 , 72 , 51.0
120 , 23 , 13 , 51.0
120 , 66 , 246 , 102.0
120 , 77 , 187 , 102.0
120 , 99 , 69 , 102.0
120 , 153 , 243 , 153.0
120 , 164 , 184 , 153.0
120 , 175 , 125 , 153.0
120 , 186 , 66 , 153.0
120 , 197 , 7 , 153.0
120 , 240 , 240 , 204.0
120 , 251 , 181 , 204.0
121 , 10 , 80 , 51.0
121 , 21 , 21 , 51.0
121 , 64 , 254 , 102.0
121 , 75 , 195 , 102.0
121 , 86 , 136 , 102.0
121 , 97 , 77 , 102.0
121 , 108 , 18 , 102.0
121 , 151 , 251 , 153.0
121 , 162 , 192 , 153.0
121 , 173 , 133 , 153.0
121 , 184 , 74 , 153.0
121 , 195 , 15 , 153.0
122 , 8 , 88 , 51.0
122 , 19 , 29 , 51.0
122 , 73 , 203 , 102.0
122 , 84 , 144 , 102.0
122 , 95 , 85 , 102.0
122 , 106 , 26 , 102.0
122 , 160 , 200 , 153.0
122 , 171 , 141 , 153.0
122 , 182 , 82 , 153.0
122 , 193 , 23 , 153.0
122 , 247 , 197 , 204.0
123 , 6 , 96 , 51.0
123 , 17 , 37 , 51.0
123 , 71 , 211 , 102.0
123 , 82 , 152 , 102.0
123 , 93 , 93 , 102.0
123 , 158 , 208 , 153.0
123 , 169 , 149 , 153.0
123 , 180 , 90 , 153.0
123 , 191 , 31 , 153.0
123 , 245 , 205 , 204.0
124 , 15 , 45 , 51.0
124 , 69 , 219 , 102.0
124 , 80 , 160 , 102.0
124 , 102 , 42 , 102.0
124 , 167 , 157 , 153.0
124 , 178 , 98 , 153.0
124 , 243 , 213 , 204.0
125 , 2 , 112 , 51.0
125 , 13 , 53 , 51.0
125 , 67 , 227 , 102.0
125 , 78 , 168 , 102.0
125 , 100 , 50 , 102.0
125 , 154 , 224 , 153.0
125 , 165 , 165 , 153.0
125 , 241 , 221 , 204.0
126 , 0 , 120 , 51.0
126 , 11 , 61 , 51.0
126 , 65 , 235 , 102.0
126 , 87 , 117 , 102.0
126 , 98 , 58 , 102.0
126 , 152 , 232 , 153.0
126 , 163 , 173 , 153.0
126 , 185 , 55 , 153.0
126 , 239 , 229 , 204.0
126 , 250 , 170 , 204.0
127 , 9 , 69 , 51.0
127 , 20 , 10 , 51.0
127 , 63 , 243 , 102.0
127 , 85 , 125 , 102.0
127 , 150 , 240 , 153.0
127 , 161 , 181 , 153.0
127 , 183 , 63 , 153.0
127 , 194 , 4 , 153.0
127 , 248 , 178 , 204.0
128 , 7 , 77 , 51.0
128 , 72 , 192 , 102.0
128 , 83 , 133 , 102.0
128 , 105 , 15 , 102.0
128 , 148 , 248 , 153.0
128 , 170 , 130 , 153.0
128 , 181 , 71 , 153.0
128 , 192 , 12 , 153.0
128 , 235 , 245 , 204.0
128 , 246 , 186 , 204.0
129 , 5 , 85 , 51.0
129 , 70 , 200 , 102.0
129 , 81 , 141 , 102.0
129 , 103 , 23 , 102.0
129 , 157 , 197 , 153.0
129 , 168 , 138 , 153.0
129 , 179 , 79 , 153.0
129 , 233 , 253 , 204.0
130 , 3 , 93 , 51.0
130 , 14 , 34 , 51.0
130 , 68 , 208 , 102.0
130 , 79 , 149 , 102.0
130 , 90 , 90 , 102.0
130 , 101 , 31 , 102.0
130 , 155 , 205 , 153.0
130 , 166 , 146 , 153.0
130 , 177 , 87 , 153.0
130 , 188 , 28 , 153.0
130 , 242 , 202 , 204.0
131 , 1 , 101 , 51.0
131 , 66 , 216 , 102.0
131 , 88 , 98 , 102.0
131 , 99 , 39 , 102.0
131 , 153 , 213 , 153.0
131 , 164 , 154 , 153.0
131 , 175 , 95 , 153.0
131 , 186 , 36 , 153.0
131 , 251 , 151 , 204.0
132 , 10 , 50 , 51.0
132 , 64 , 224 , 102.0
132 , 75 , 165 , 102.0
132 , 86 , 106 , 102.0
132 , 97 , 47 , 102.0
132 , 151 , 221 , 153.0
132 , 162 , 162 , 153.0
132 , 173 , 103 , 153.0
132 , 184 , 44 , 153.0
132 , 249 , 159 , 204.0
133 , 8 , 58 , 51.0
133 , 73 , 173 , 102.0
133 , 84 , 114 , 102.0
133 , 149 , 229 , 153.0
133 , 171 , 111 , 153.0
133 , 182 , 52 , 153.0
133 , 236 , 226 , 204.0
133 , 247 , 167 , 204.0
134 , 17 , 7 , 51.0
134 , 60 , 240 , 102.0
134 , 71 , 181 , 102.0
134 , 93 , 63 , 102.0
134 , 104 , 4 , 102.0
134 , 158 , 178 , 153.0
134 , 169 , 119 , 153.0
134 , 191 , 1 , 153.0
134 , 234 , 234 , 204.0
135 , 4 , 74 , 51.0
135 , 15 , 15 , 51.0
135 , 58 , 248 , 102.0
135 , 69 , 189 , 102.0
135 , 91 , 71 , 102.0
135 , 102 , 12 , 102.0
135 , 145 , 245 , 153.0
135 , 156 , 186 , 153.0
135 , 167 , 127 , 153.0
135 , 189 , 9 , 153.0
135 , 232 , 242 , 204.0
135 , 243 , 183 , 204.0
135 , 254 , 124 , 204.0
136 , 2 , 82 , 51.0
136 , 13 , 23 , 51.0
136 , 67 , 197 , 102.0
136 , 78 , 138 , 102.0
136 , 89 , 79 , 102.0
136 , 100 , 20 , 102.0
136 , 143 , 253 , 153.0
136 , 154 , 194 , 153.0
136 , 176 , 76 , 153.0
136 , 187 , 17 , 153.0
136 , 230 , 250 , 204.0
136 , 241 , 191 , 204.0
137 , 0 , 90 , 51.0
137 , 11 , 31 , 51.0
137 , 65 , 205 , 102.0
137 , 76 , 146 , 102.0
137 , 87 , 87 , 102.0
137 , 98 , 28 , 102.0
137 , 152 , 202 , 153.0
137 , 163 , 143 , 153.0
137 , 174 , 84 , 153.0
137 , 185 , 25 , 153.0
137 , 239 , 199 , 204.0
137 , 250 , 140 , 204.0
138 , 9 , 39 , 51.0
138 , 63 , 213 , 102.0
138 , 74 , 154 , 102.0
138 , 85 , 95 , 102.0
138 , 150 , 210 , 153.0
138 , 161 , 151 , 153.0
138 , 172 , 92 , 153.0
138 , 183 , 33 , 153.0
138 , 237 , 207 , 204.0
138 , 248 , 148 , 204.0
139 , 7 , 47 , 51.0
139 , 61 , 221 , 102.0
139 , 72 , 162 , 102.0
139 , 94 , 44 , 102.0
139 , 159 , 159 , 153.0
139 , 170 , 100 , 153.0
139 , 235 , 215 , 204.0
140 , 5 , 55 , 51.0
140 , 59 , 229 , 102.0
140 , 70 , 170 , 102.0
140 , 81 , 111 , 102.0
140 , 92 , 52 , 102.0
140 , 146 , 226 , 153.0
140 , 157 , 167 , 153.0
140 , 168 , 108 , 153.0
140 , 179 , 49 , 153.0
140 , 233 , 223 , 204.0
140 , 255 , 105 , 204.0
141 , 3 , 63 , 51.0
141 , 57 , 237 , 102.0
141 , 79 , 119 , 102.0
141 , 144 , 234 , 153.0
141 , 155 , 175 , 153.0
141 , 166 , 116 , 153.0
141 , 177 , 57 , 153.0
141 , 242 , 172 , 204.0
141 , 253 , 113 , 204.0
142 , 12 , 12 , 51.0
142 , 55 , 245 , 102.0
142 , 66 , 186 , 102.0
142 , 77 , 127 , 102.0
142 , 88 , 68 , 102.0
142 , 142 , 242 , 153.0
142 , 153 , 183 , 153.0
142 , 164 , 124 , 153.0
142 , 175 , 65 , 153.0
142 , 186 , 6 , 153.0
142 , 240 , 180 , 204.0
142 , 251 , 121 , 204.0
143 , 10 , 20 , 51.0
143 , 53 , 253 , 102.0
143 , 64 , 194 , 102.0
143 , 75 , 135 , 102.0
143 , 97 , 17 , 102.0
143 , 140 , 250 , 153.0
143 , 162 , 132 , 153.0
143 , 173 , 73 , 153.0
143 , 227 , 247 , 204.0
143 , 238 , 188 , 204.0
143 , 249 , 129 , 204.0
144 , 62 , 202 , 102.0
144 , 73 , 143 , 102.0
144 , 95 , 25 , 102.0
144 , 149 , 199 , 153.0
144 , 160 , 140 , 153.0
144 , 171 , 81 , 153.0
144 , 225 , 255 , 204.0
145 , 6 , 36 , 51.0
145 , 60 , 210 , 102.0
145 , 71 , 151 , 102.0
145 , 82 , 92 , 102.0
145 , 93 , 33 , 102.0
145 , 147 , 207 , 153.0
145 , 158 , 148 , 153.0
145 , 180 , 30 , 153.0
145 , 234 , 204 , 204.0
146 , 4 , 44 , 51.0
146 , 58 , 218 , 102.0
146 , 80 , 100 , 102.0
146 , 91 , 41 , 102.0
146 , 145 , 215 , 153.0
146 , 178 , 38 , 153.0
146 , 232 , 212 , 204.0
147 , 2 , 52 , 51.0
147 , 56 , 226 , 102.0
147 , 67 , 167 , 102.0
147 , 78 , 108 , 102.0
147 , 89 , 49 , 102.0
147 , 143 , 223 , 153.0
147 , 154 , 164 , 153.0
147 , 165 , 105 , 153.0
147 , 176 , 46 , 153.0
147 , 241 , 161 , 204.0
148 , 0 , 60 , 51.0
148 , 11 , 1 , 51.0
148 , 65 , 175 , 102.0
148 , 76 , 116 , 102.0
148 , 141 , 231 , 153.0
148 , 152 , 172 , 153.0
148 , 163 , 113 , 153.0
148 , 174 , 54 , 153.0
148 , 228 , 228 , 204.0
148 , 239 , 169 , 204.0
148 , 250 , 110 , 204.0
149 , 9 , 9 , 51.0
149 , 52 , 242 , 102.0
149 , 85 , 65 , 102.0
149 , 96 , 6 , 102.0
149 , 150 , 180 , 153.0
149 , 161 , 121 , 153.0
149 , 183 , 3 , 153.0
149 , 226 , 236 , 204.0
150 , 7 , 17 , 51.0
150 , 50 , 250 , 102.0
150 , 61 , 191 , 102.0
150 , 83 , 73 , 102.0
150 , 94 , 14 , 102.0
150 , 137 , 247 , 153.0
150 , 148 , 188 , 153.0
150 , 159 , 129 , 153.0
150 , 170 , 70 , 153.0
150 , 181 , 11 , 153.0
150 , 224 , 244 , 204.0
150 , 235 , 185 , 204.0
150 , 246 , 126 , 204.0
151 , 5 , 25 , 51.0
151 , 70 , 140 , 102.0
151 , 81 , 81 , 102.0
151 , 135 , 255 , 153.0
151 , 146 , 196 , 153.0
151 , 157 , 137 , 153.0
151 , 168 , 78 , 153.0
151 , 179 , 19 , 153.0
151 , 244 , 134 , 204.0
151 , 255 , 75 , 204.0
152 , 68 , 148 , 102.0
152 , 144 , 204 , 153.0
152 , 166 , 86 , 153.0
152 , 177 , 27 , 153.0
152 , 231 , 201 , 204.0
152 , 242 , 142 , 204.0
153 , 1 , 41 , 51.0
153 , 55 , 215 , 102.0
153 , 66 , 156 , 102.0
153 , 77 , 97 , 102.0
153 , 88 , 38 , 102.0
153 , 142 , 212 , 153.0
153 , 153 , 153 , 153.0
153 , 164 , 94 , 153.0
153 , 175 , 35 , 153.0
153 , 229 , 209 , 204.0
153 , 240 , 150 , 204.0
153 , 251 , 91 , 204.0
154 , 53 , 223 , 102.0
154 , 64 , 164 , 102.0
154 , 86 , 46 , 102.0
154 , 151 , 161 , 153.0
154 , 162 , 102 , 153.0
154 , 227 , 217 , 204.0
154 , 249 , 99 , 204.0
155 , 51 , 231 , 102.0
155 , 62 , 172 , 102.0
155 , 73 , 113 , 102.0
155 , 84 , 54 , 102.0
155 , 138 , 228 , 153.0
155 , 149 , 169 , 153.0
155 , 171 , 51 , 153.0
155 , 225 , 225 , 204.0
155 , 247 , 107 , 204.0
156 , 49 , 239 , 102.0
156 , 71 , 121 , 102.0
156 , 82 , 62 , 102.0
156 , 136 , 236 , 153.0
156 , 169 , 59 , 153.0
156 , 180 , 0 , 153.0
156 , 223 , 233 , 204.0
156 , 234 , 174 , 204.0
157 , 4 , 14 , 51.0
157 , 47 , 247 , 102.0
157 , 58 , 188 , 102.0
157 , 69 , 129 , 102.0
157 , 80 , 70 , 102.0
157 , 134 , 244 , 153.0
157 , 145 , 185 , 153.0
157 , 156 , 126 , 153.0
157 , 167 , 67 , 153.0
157 , 178 , 8 , 153.0
157 , 232 , 182 , 204.0
157 , 243 , 123 , 204.0
158 , 2 , 22 , 51.0
158 , 56 , 196 , 102.0
158 , 67 , 137 , 102.0
158 , 89 , 19 , 102.0
158 , 132 , 252 , 153.0
158 , 154 , 134 , 153.0
158 , 165 , 75 , 153.0
158 , 219 , 249 , 204.0
158 , 230 , 190 , 204.0
158 , 241 , 131 , 204.0
159 , 54 , 204 , 102.0
159 , 65 , 145 , 102.0
159 , 76 , 86 , 102.0
159 , 87 , 27 , 102.0
159 , 141 , 201 , 153.0
159 , 152 , 142 , 153.0
159 , 163 , 83 , 153.0
159 , 250 , 80 , 204.0
160 , 52 , 212 , 102.0
160 , 74 , 94 , 102.0
160 , 85 , 35 , 102.0
160 , 139 , 209 , 153.0
160 , 150 , 150 , 153.0
160 , 161 , 91 , 153.0
160 , 172 , 32 , 153.0
160 , 226 , 206 , 204.0
160 , 237 , 147 , 204.0
160 , 248 , 88 , 204.0
161 , 50 , 220 , 102.0
161 , 61 , 161 , 102.0
161 , 72 , 102 , 102.0
161 , 83 , 43 , 102.0
161 , 137 , 217 , 153.0
161 , 148 , 158 , 153.0
161 , 159 , 99 , 153.0
161 , 170 , 40 , 153.0
161 , 235 , 155 , 204.0
161 , 246 , 96 , 204.0
162 , 48 , 228 , 102.0
162 , 59 , 169 , 102.0
162 , 70 , 110 , 102.0
162 , 81 , 51 , 102.0
162 , 135 , 225 , 153.0
162 , 146 , 166 , 153.0
162 , 157 , 107 , 153.0
162 , 168 , 48 , 153.0
162 , 222 , 222 , 204.0
162 , 233 , 163 , 204.0
163 , 3 , 3 , 51.0
163 , 46 , 236 , 102.0
163 , 57 , 177 , 102.0
163 , 68 , 118 , 102.0
163 , 90 , 0 , 102.0
163 , 133 , 233 , 153.0
163 , 144 , 174 , 153.0
163 , 155 , 115 , 153.0
163 , 166 , 56 , 153.0
163 , 220 , 230 , 204.0
163 , 231 , 171 , 204.0
163 , 242 , 112 , 204.0
163 , 253 , 53 , 204.0
164 , 1 , 11 , 51.0
164 , 44 , 244 , 102.0
164 , 55 , 185 , 102.0
164 , 77 , 67 , 102.0
164 , 142 , 182 , 153.0
164 , 153 , 123 , 153.0
164 , 175 , 5 , 153.0
164 , 218 , 238 , 204.0
164 , 251 , 61 , 204.0
165 , 42 , 252 , 102.0
165 , 53 , 193 , 102.0
165 , 75 , 75 , 102.0
165 , 86 , 16 , 102.0
165 , 129 , 249 , 153.0
165 , 140 , 190 , 153.0
165 , 173 , 13 , 153.0
165 , 216 , 246 , 204.0
165 , 227 , 187 , 204.0
165 , 238 , 128 , 204.0
165 , 249 , 69 , 204.0
166 , 51 , 201 , 102.0
166 , 62 , 142 , 102.0
166 , 73 , 83 , 102.0
166 , 138 , 198 , 153.0
166 , 160 , 80 , 153.0
166 , 171 , 21 , 153.0
166 , 214 , 254 , 204.0
166 , 225 , 195 , 204.0
167 , 49 , 209 , 102.0
167 , 60 , 150 , 102.0
167 , 136 , 206 , 153.0
167 , 147 , 147 , 153.0
167 , 158 , 88 , 153.0
167 , 169 , 29 , 153.0
167 , 223 , 203 , 204.0
167 , 234 , 144 , 204.0
168 , 47 , 217 , 102.0
168 , 58 , 158 , 102.0
168 , 69 , 99 , 102.0
168 , 80 , 40 , 102.0
168 , 134 , 214 , 153.0
168 , 145 , 155 , 153.0
168 , 156 , 96 , 153.0
168 , 167 , 37 , 153.0
168 , 221 , 211 , 204.0
168 , 232 , 152 , 204.0
168 , 243 , 93 , 204.0
168 , 254 , 34 , 204.0
169 , 45 , 225 , 102.0
169 , 56 , 166 , 102.0
169 , 78 , 48 , 102.0
169 , 132 , 222 , 153.0
169 , 143 , 163 , 153.0
169 , 154 , 104 , 153.0
169 , 241 , 101 , 204.0
170 , 0 , 0 , 51.0
170 , 43 , 233 , 102.0
170 , 54 , 174 , 102.0
170 , 65 , 115 , 102.0
170 , 76 , 56 , 102.0
170 , 130 , 230 , 153.0
170 , 141 , 171 , 153.0
170 , 152 , 112 , 153.0
170 , 217 , 227 , 204.0
170 , 239 , 109 , 204.0
170 , 250 , 50 , 204.0
171 , 41 , 241 , 102.0
171 , 63 , 123 , 102.0
171 , 74 , 64 , 102.0
171 , 128 , 238 , 153.0
171 , 139 , 179 , 153.0
171 , 150 , 120 , 153.0
171 , 161 , 61 , 153.0
171 , 226 , 176 , 204.0
171 , 237 , 117 , 204.0
171 , 248 , 58 , 204.0
172 , 39 , 249 , 102.0
172 , 50 , 190 , 102.0
172 , 61 , 131 , 102.0
172 , 72 , 72 , 102.0
172 , 83 , 13 , 102.0
172 , 126 , 246 , 153.0
172 , 137 , 187 , 153.0
172 , 148 , 128 , 153.0
172 , 159 , 69 , 153.0
172 , 170 , 10 , 153.0
172 , 224 , 184 , 204.0
172 , 235 , 125 , 204.0
173 , 48 , 198 , 102.0
173 , 59 , 139 , 102.0
173 , 81 , 21 , 102.0
173 , 124 , 254 , 153.0
173 , 146 , 136 , 153.0
173 , 157 , 77 , 153.0
173 , 211 , 251 , 204.0
173 , 222 , 192 , 204.0
173 , 233 , 133 , 204.0
173 , 244 , 74 , 204.0
173 , 255 , 15 , 204.0
174 , 68 , 88 , 102.0
174 , 79 , 29 , 102.0
174 , 133 , 203 , 153.0
174 , 144 , 144 , 153.0
174 , 166 , 26 , 153.0
174 , 242 , 82 , 204.0
175 , 44 , 214 , 102.0
175 , 66 , 96 , 102.0
175 , 77 , 37 , 102.0
175 , 131 , 211 , 153.0
175 , 142 , 152 , 153.0
175 , 164 , 34 , 153.0
175 , 218 , 208 , 204.0
175 , 229 , 149 , 204.0
175 , 240 , 90 , 204.0
175 , 251 , 31 , 204.0
176 , 42 , 222 , 102.0
176 , 53 , 163 , 102.0
176 , 64 , 104 , 102.0
176 , 75 , 45 , 102.0
176 , 129 , 219 , 153.0
176 , 151 , 101 , 153.0
176 , 162 , 42 , 153.0
176 , 216 , 216 , 204.0
177 , 40 , 230 , 102.0
177 , 51 , 171 , 102.0
177 , 62 , 112 , 102.0
177 , 73 , 53 , 102.0
177 , 127 , 227 , 153.0
177 , 138 , 168 , 153.0
177 , 149 , 109 , 153.0
177 , 160 , 50 , 153.0
177 , 214 , 224 , 204.0
177 , 225 , 165 , 204.0
178 , 38 , 238 , 102.0
178 , 49 , 179 , 102.0
178 , 60 , 120 , 102.0
178 , 82 , 2 , 102.0
178 , 125 , 235 , 153.0
178 , 136 , 176 , 153.0
178 , 147 , 117 , 153.0
178 , 158 , 58 , 153.0
178 , 212 , 232 , 204.0
178 , 223 , 173 , 204.0
178 , 234 , 114 , 204.0
178 , 245 , 55 , 204.0
179 , 36 , 246 , 102.0
179 , 47 , 187 , 102.0
179 , 69 , 69 , 102.0
179 , 134 , 184 , 153.0
179 , 145 , 125 , 153.0
179 , 167 , 7 , 153.0
179 , 210 , 240 , 204.0
179 , 243 , 63 , 204.0
180 , 34 , 254 , 102.0
180 , 45 , 195 , 102.0
180 , 56 , 136 , 102.0
180 , 67 , 77 , 102.0
180 , 78 , 18 , 102.0
180 , 121 , 251 , 153.0
180 , 132 , 192 , 153.0
180 , 143 , 133 , 153.0
180 , 154 , 74 , 153.0
180 , 165 , 15 , 153.0
180 , 208 , 248 , 204.0
180 , 230 , 130 , 204.0
180 , 241 , 71 , 204.0
181 , 54 , 144 , 102.0
181 , 65 , 85 , 102.0
181 , 130 , 200 , 153.0
181 , 141 , 141 , 153.0
181 , 152 , 82 , 153.0
181 , 163 , 23 , 153.0
181 , 217 , 197 , 204.0
181 , 228 , 138 , 204.0
181 , 239 , 79 , 204.0
181 , 250 , 20 , 204.0
182 , 41 , 211 , 102.0
182 , 52 , 152 , 102.0
182 , 63 , 93 , 102.0
182 , 128 , 208 , 153.0
182 , 139 , 149 , 153.0
182 , 150 , 90 , 153.0
182 , 161 , 31 , 153.0
182 , 215 , 205 , 204.0
182 , 226 , 146 , 204.0
182 , 248 , 28 , 204.0
183 , 39 , 219 , 102.0
183 , 50 , 160 , 102.0
183 , 72 , 42 , 102.0
183 , 137 , 157 , 153.0
183 , 148 , 98 , 153.0
183 , 213 , 213 , 204.0
183 , 224 , 154 , 204.0
183 , 235 , 95 , 204.0
183 , 246 , 36 , 204.0
184 , 37 , 227 , 102.0
184 , 48 , 168 , 102.0
184 , 70 , 50 , 102.0
184 , 124 , 224 , 153.0
184 , 135 , 165 , 153.0
184 , 146 , 106 , 153.0
184 , 211 , 221 , 204.0
184 , 233 , 103 , 204.0
185 , 35 , 235 , 102.0
185 , 46 , 176 , 102.0
185 , 57 , 117 , 102.0
185 , 68 , 58 , 102.0
185 , 122 , 232 , 153.0
185 , 133 , 173 , 153.0
185 , 155 , 55 , 153.0
185 , 209 , 229 , 204.0
185 , 231 , 111 , 204.0
185 , 242 , 52 , 204.0
186 , 33 , 243 , 102.0
186 , 55 , 125 , 102.0
186 , 66 , 66 , 102.0
186 , 120 , 240 , 153.0
186 , 153 , 63 , 153.0
186 , 164 , 4 , 153.0
186 , 207 , 237 , 204.0
186 , 251 , 1 , 204.0
187 , 31 , 251 , 102.0
187 , 42 , 192 , 102.0
187 , 53 , 133 , 102.0
187 , 64 , 74 , 102.0
187 , 75 , 15 , 102.0
187 , 118 , 248 , 153.0
187 , 129 , 189 , 153.0
187 , 140 , 130 , 153.0
187 , 151 , 71 , 153.0
187 , 162 , 12 , 153.0
187 , 216 , 186 , 204.0
187 , 227 , 127 , 204.0
187 , 249 , 9 , 204.0
188 , 40 , 200 , 102.0
188 , 51 , 141 , 102.0
188 , 73 , 23 , 102.0
188 , 127 , 197 , 153.0
188 , 138 , 138 , 153.0
188 , 149 , 79 , 153.0
188 , 203 , 253 , 204.0
188 , 214 , 194 , 204.0
188 , 225 , 135 , 204.0
188 , 236 , 76 , 204.0
188 , 247 , 17 , 204.0
189 , 49 , 149 , 102.0
189 , 60 , 90 , 102.0
189 , 71 , 31 , 102.0
189 , 125 , 205 , 153.0
189 , 136 , 146 , 153.0
189 , 158 , 28 , 153.0
189 , 212 , 202 , 204.0
189 , 234 , 84 , 204.0
190 , 36 , 216 , 102.0
190 , 58 , 98 , 102.0
190 , 123 , 213 , 153.0
190 , 134 , 154 , 153.0
190 , 145 , 95 , 153.0
190 , 156 , 36 , 153.0
190 , 221 , 151 , 204.0
190 , 232 , 92 , 204.0
190 , 243 , 33 , 204.0
191 , 34 , 224 , 102.0
191 , 45 , 165 , 102.0
191 , 56 , 106 , 102.0
191 , 67 , 47 , 102.0
191 , 121 , 221 , 153.0
191 , 132 , 162 , 153.0
191 , 143 , 103 , 153.0
191 , 154 , 44 , 153.0
191 , 219 , 159 , 204.0
191 , 230 , 100 , 204.0
191 , 241 , 41 , 204.0
192 , 43 , 173 , 102.0
192 , 54 , 114 , 102.0
192 , 119 , 229 , 153.0
192 , 130 , 170 , 153.0
192 , 141 , 111 , 153.0
192 , 206 , 226 , 204.0
192 , 217 , 167 , 204.0
193 , 30 , 240 , 102.0
193 , 41 , 181 , 102.0
193 , 52 , 122 , 102.0
193 , 63 , 63 , 102.0
193 , 74 , 4 , 102.0
193 , 117 , 237 , 153.0
193 , 128 , 178 , 153.0
193 , 139 , 119 , 153.0
193 , 150 , 60 , 153.0
193 , 161 , 1 , 153.0
193 , 204 , 234 , 204.0
193 , 215 , 175 , 204.0
193 , 226 , 116 , 204.0
193 , 237 , 57 , 204.0
194 , 28 , 248 , 102.0
194 , 39 , 189 , 102.0
194 , 61 , 71 , 102.0
194 , 126 , 186 , 153.0
194 , 137 , 127 , 153.0
194 , 159 , 9 , 153.0
194 , 202 , 242 , 204.0
194 , 224 , 124 , 204.0
194 , 235 , 65 , 204.0
195 , 37 , 197 , 102.0
195 , 48 , 138 , 102.0
195 , 59 , 79 , 102.0
195 , 70 , 20 , 102.0
195 , 113 , 253 , 153.0
195 , 124 , 194 , 153.0
195 , 146 , 76 , 153.0
195 , 157 , 17 , 153.0
195 , 200 , 250 , 204.0
195 , 211 , 191 , 204.0
195 , 222 , 132 , 204.0
195 , 233 , 73 , 204.0
196 , 46 , 146 , 102.0
196 , 57 , 87 , 102.0
196 , 144 , 84 , 153.0
196 , 155 , 25 , 153.0
196 , 209 , 199 , 204.0
197 , 33 , 213 , 102.0
197 , 131 , 151 , 153.0
197 , 142 , 92 , 153.0
197 , 153 , 33 , 153.0
197 , 207 , 207 , 204.0
197 , 218 , 148 , 204.0
197 , 240 , 30 , 204.0
198 , 31 , 221 , 102.0
198 , 42 , 162 , 102.0
198 , 53 , 103 , 102.0
198 , 64 , 44 , 102.0
198 , 129 , 159 , 153.0
198 , 140 , 100 , 153.0
198 , 205 , 215 , 204.0
198 , 216 , 156 , 204.0
198 , 227 , 97 , 204.0
198 , 238 , 38 , 204.0
199 , 29 , 229 , 102.0
199 , 40 , 170 , 102.0
199 , 51 , 111 , 102.0
199 , 62 , 52 , 102.0
199 , 116 , 226 , 153.0
199 , 127 , 167 , 153.0
199 , 138 , 108 , 153.0
199 , 203 , 223 , 204.0
199 , 225 , 105 , 204.0
200 , 27 , 237 , 102.0
200 , 38 , 178 , 102.0
200 , 49 , 119 , 102.0
200 , 60 , 60 , 102.0
200 , 71 , 1 , 102.0
200 , 114 , 234 , 153.0
200 , 125 , 175 , 153.0
200 , 136 , 116 , 153.0
200 , 147 , 57 , 153.0
200 , 212 , 172 , 204.0
200 , 223 , 113 , 204.0
200 , 234 , 54 , 204.0
201 , 25 , 245 , 102.0
201 , 36 , 186 , 102.0
201 , 47 , 127 , 102.0
201 , 58 , 68 , 102.0
201 , 112 , 242 , 153.0
201 , 123 , 183 , 153.0
201 , 134 , 124 , 153.0
201 , 145 , 65 , 153.0
201 , 210 , 180 , 204.0
201 , 221 , 121 , 204.0
201 , 232 , 62 , 204.0
202 , 34 , 194 , 102.0
202 , 67 , 17 , 102.0
202 , 110 , 250 , 153.0
202 , 121 , 191 , 153.0
202 , 132 , 132 , 153.0
202 , 197 , 247 , 204.0
202 , 208 , 188 , 204.0
202 , 241 , 11 , 204.0
203 , 32 , 202 , 102.0
203 , 43 , 143 , 102.0
203 , 65 , 25 , 102.0
203 , 119 , 199 , 153.0
203 , 130 , 140 , 153.0
203 , 141 , 81 , 153.0
203 , 195 , 255 , 204.0
203 , 206 , 196 , 204.0
203 , 217 , 137 , 204.0
203 , 228 , 78 , 204.0
203 , 239 , 19 , 204.0
204 , 30 , 210 , 102.0
204 , 52 , 92 , 102.0
204 , 117 , 207 , 153.0
204 , 128 , 148 , 153.0
204 , 150 , 30 , 153.0
204 , 204 , 204 , 204.0
204 , 226 , 86 , 204.0
205 , 28 , 218 , 102.0
205 , 50 , 100 , 102.0
205 , 61 , 41 , 102.0
205 , 115 , 215 , 153.0
205 , 148 , 38 , 153.0
205 , 202 , 212 , 204.0
205 , 213 , 153 , 204.0
205 , 224 , 94 , 204.0
205 , 235 , 35 , 204.0
206 , 26 , 226 , 102.0
206 , 37 , 167 , 102.0
206 , 48 , 108 , 102.0
206 , 113 , 223 , 153.0
206 , 135 , 105 , 153.0
206 , 146 , 46 , 153.0
206 , 200 , 220 , 204.0
206 , 211 , 161 , 204.0
207 , 35 , 175 , 102.0
207 , 46 , 116 , 102.0
207 , 111 , 231 , 153.0
207 , 122 , 172 , 153.0
207 , 133 , 113 , 153.0
207 , 144 , 54 , 153.0
207 , 198 , 228 , 204.0
207 , 231 , 51 , 204.0
208 , 22 , 242 , 102.0
208 , 33 , 183 , 102.0
208 , 44 , 124 , 102.0
208 , 55 , 65 , 102.0
208 , 66 , 6 , 102.0
208 , 109 , 239 , 153.0
208 , 120 , 180 , 153.0
208 , 131 , 121 , 153.0
208 , 142 , 62 , 153.0
208 , 153 , 3 , 153.0
208 , 196 , 236 , 204.0
208 , 207 , 177 , 204.0
208 , 218 , 118 , 204.0
208 , 229 , 59 , 204.0
208 , 240 , 0 , 204.0
209 , 20 , 250 , 102.0
209 , 31 , 191 , 102.0
209 , 53 , 73 , 102.0
209 , 64 , 14 , 102.0
209 , 107 , 247 , 153.0
209 , 118 , 188 , 153.0
209 , 129 , 129 , 153.0
209 , 151 , 11 , 153.0
209 , 194 , 244 , 204.0
209 , 216 , 126 , 204.0
209 , 227 , 67 , 204.0
210 , 29 , 199 , 102.0
210 , 40 , 140 , 102.0
210 , 51 , 81 , 102.0
210 , 62 , 22 , 102.0
210 , 105 , 255 , 153.0
210 , 116 , 196 , 153.0
210 , 127 , 137 , 153.0
210 , 149 , 19 , 153.0
210 , 192 , 252 , 204.0
210 , 214 , 134 , 204.0
210 , 225 , 75 , 204.0
211 , 38 , 148 , 102.0
211 , 49 , 89 , 102.0
211 , 114 , 204 , 153.0
211 , 125 , 145 , 153.0
211 , 136 , 86 , 153.0
211 , 201 , 201 , 204.0
211 , 212 , 142 , 204.0
211 , 223 , 83 , 204.0
211 , 234 , 24 , 204.0
212 , 25 , 215 , 102.0
212 , 58 , 38 , 102.0
212 , 112 , 212 , 153.0
212 , 123 , 153 , 153.0
212 , 134 , 94 , 153.0
212 , 199 , 209 , 204.0
212 , 210 , 150 , 204.0
212 , 232 , 32 , 204.0
213 , 23 , 223 , 102.0
213 , 34 , 164 , 102.0
213 , 56 , 46 , 102.0
213 , 121 , 161 , 153.0
213 , 132 , 102 , 153.0
213 , 197 , 217 , 204.0
213 , 208 , 158 , 204.0
213 , 219 , 99 , 204.0
213 , 230 , 40 , 204.0
214 , 21 , 231 , 102.0
214 , 32 , 172 , 102.0
214 , 43 , 113 , 102.0
214 , 54 , 54 , 102.0
214 , 108 , 228 , 153.0
214 , 119 , 169 , 153.0
214 , 130 , 110 , 153.0
214 , 141 , 51 , 153.0
214 , 195 , 225 , 204.0
214 , 206 , 166 , 204.0
215 , 19 , 239 , 102.0
215 , 30 , 180 , 102.0
215 , 41 , 121 , 102.0
215 , 52 , 62 , 102.0
215 , 106 , 236 , 153.0
215 , 117 , 177 , 153.0
215 , 139 , 59 , 153.0
215 , 150 , 0 , 153.0
215 , 193 , 233 , 204.0
215 , 204 , 174 , 204.0
215 , 215 , 115 , 204.0
215 , 226 , 56 , 204.0
216 , 17 , 247 , 102.0
216 , 28 , 188 , 102.0
216 , 39 , 129 , 102.0
216 , 50 , 70 , 102.0
216 , 104 , 244 , 153.0
216 , 126 , 126 , 153.0
216 , 137 , 67 , 153.0
216 , 148 , 8 , 153.0
216 , 191 , 241 , 204.0
216 , 202 , 182 , 204.0
216 , 235 , 5 , 204.0
217 , 26 , 196 , 102.0
217 , 37 , 137 , 102.0
217 , 59 , 19 , 102.0
217 , 102 , 252 , 153.0
217 , 124 , 134 , 153.0
217 , 135 , 75 , 153.0
217 , 146 , 16 , 153.0
217 , 189 , 249 , 204.0
217 , 200 , 190 , 204.0
217 , 233 , 13 , 204.0
218 , 46 , 86 , 102.0
218 , 111 , 201 , 153.0
218 , 122 , 142 , 153.0
218 , 133 , 83 , 153.0
218 , 220 , 80 , 204.0
218 , 231 , 21 , 204.0
219 , 22 , 212 , 102.0
219 , 33 , 153 , 102.0
219 , 44 , 94 , 102.0
219 , 55 , 35 , 102.0
219 , 109 , 209 , 153.0
219 , 120 , 150 , 153.0
219 , 131 , 91 , 153.0
219 , 196 , 206 , 204.0
219 , 207 , 147 , 204.0
219 , 218 , 88 , 204.0
219 , 229 , 29 , 204.0
220 , 20 , 220 , 102.0
220 , 31 , 161 , 102.0
220 , 42 , 102 , 102.0
220 , 53 , 43 , 102.0
220 , 107 , 217 , 153.0
220 , 118 , 158 , 153.0
220 , 129 , 99 , 153.0
220 , 140 , 40 , 153.0
220 , 205 , 155 , 204.0
220 , 216 , 96 , 204.0
220 , 227 , 37 , 204.0
221 , 18 , 228 , 102.0
221 , 29 , 169 , 102.0
221 , 51 , 51 , 102.0
221 , 105 , 225 , 153.0
221 , 116 , 166 , 153.0
221 , 127 , 107 , 153.0
221 , 138 , 48 , 153.0
221 , 192 , 222 , 204.0
221 , 203 , 163 , 204.0
221 , 214 , 104 , 204.0
221 , 225 , 45 , 204.0
222 , 16 , 236 , 102.0
222 , 27 , 177 , 102.0
222 , 38 , 118 , 102.0
222 , 60 , 0 , 102.0
222 , 103 , 233 , 153.0
222 , 114 , 174 , 153.0
222 , 125 , 115 , 153.0
222 , 190 , 230 , 204.0
222 , 201 , 171 , 204.0
222 , 212 , 112 , 204.0
222 , 223 , 53 , 204.0
223 , 14 , 244 , 102.0
223 , 25 , 185 , 102.0
223 , 47 , 67 , 102.0
223 , 112 , 182 , 153.0
223 , 145 , 5 , 153.0
223 , 188 , 238 , 204.0
223 , 199 , 179 , 204.0
224 , 12 , 252 , 102.0
224 , 23 , 193 , 102.0
224 , 34 , 134 , 102.0
224 , 45 , 75 , 102.0
224 , 99 , 249 , 153.0
224 , 110 , 190 , 153.0
224 , 121 , 131 , 153.0
224 , 143 , 13 , 153.0
224 , 186 , 246 , 204.0
224 , 197 , 187 , 204.0
225 , 21 , 201 , 102.0
225 , 32 , 142 , 102.0
225 , 43 , 83 , 102.0
225 , 54 , 24 , 102.0
225 , 108 , 198 , 153.0
225 , 130 , 80 , 153.0
225 , 141 , 21 , 153.0
225 , 184 , 254 , 204.0
225 , 195 , 195 , 204.0
225 , 206 , 136 , 204.0
225 , 217 , 77 , 204.0
226 , 30 , 150 , 102.0
226 , 41 , 91 , 102.0
226 , 106 , 206 , 153.0
226 , 117 , 147 , 153.0
226 , 128 , 88 , 153.0
226 , 139 , 29 , 153.0
226 , 193 , 203 , 204.0
226 , 204 , 144 , 204.0
226 , 226 , 26 , 204.0
227 , 17 , 217 , 102.0
227 , 50 , 40 , 102.0
227 , 115 , 155 , 153.0
227 , 126 , 96 , 153.0
227 , 137 , 37 , 153.0
227 , 191 , 211 , 204.0
227 , 224 , 34 , 204.0
228 , 26 , 166 , 102.0
228 , 48 , 48 , 102.0
228 , 102 , 222 , 153.0
228 , 113 , 163 , 153.0
228 , 124 , 104 , 153.0
228 , 211 , 101 , 204.0
228 , 222 , 42 , 204.0
229 , 13 , 233 , 102.0
229 , 24 , 174 , 102.0
229 , 35 , 115 , 102.0
229 , 46 , 56 , 102.0
229 , 100 , 230 , 153.0
229 , 111 , 171 , 153.0
229 , 122 , 112 , 153.0
229 , 187 , 227 , 204.0
229 , 209 , 109 , 204.0
229 , 220 , 50 , 204.0
230 , 11 , 241 , 102.0
230 , 22 , 182 , 102.0
230 , 33 , 123 , 102.0
230 , 44 , 64 , 102.0
230 , 98 , 238 , 153.0
230 , 109 , 179 , 153.0
230 , 120 , 120 , 153.0
230 , 131 , 61 , 153.0
230 , 142 , 2 , 153.0
230 , 196 , 176 , 204.0
230 , 207 , 117 , 204.0
230 , 218 , 58 , 204.0
231 , 9 , 249 , 102.0
231 , 20 , 190 , 102.0
231 , 31 , 131 , 102.0
231 , 42 , 72 , 102.0
231 , 53 , 13 , 102.0
231 , 96 , 246 , 153.0
231 , 107 , 187 , 153.0
231 , 118 , 128 , 153.0
231 , 129 , 69 , 153.0
231 , 194 , 184 , 204.0
231 , 205 , 125 , 204.0
231 , 216 , 66 , 204.0
232 , 18 , 198 , 102.0
232 , 29 , 139 , 102.0
232 , 51 , 21 , 102.0
232 , 94 , 254 , 153.0
232 , 116 , 136 , 153.0
232 , 181 , 251 , 204.0
232 , 192 , 192 , 204.0
232 , 203 , 133 , 204.0
232 , 214 , 74 , 204.0
232 , 225 , 15 , 204.0
233 , 38 , 88 , 102.0
233 , 103 , 203 , 153.0
233 , 136 , 26 , 153.0
233 , 190 , 200 , 204.0
233 , 212 , 82 , 204.0
234 , 14 , 214 , 102.0
234 , 25 , 155 , 102.0
234 , 36 , 96 , 102.0
234 , 47 , 37 , 102.0
234 , 101 , 211 , 153.0
234 , 112 , 152 , 153.0
234 , 134 , 34 , 153.0
234 , 188 , 208 , 204.0
234 , 199 , 149 , 204.0
234 , 210 , 90 , 204.0
235 , 12 , 222 , 102.0
235 , 23 , 163 , 102.0
235 , 34 , 104 , 102.0
235 , 45 , 45 , 102.0
235 , 99 , 219 , 153.0
235 , 121 , 101 , 153.0
235 , 132 , 42 , 153.0
235 , 186 , 216 , 204.0
235 , 197 , 157 , 204.0
235 , 208 , 98 , 204.0
236 , 10 , 230 , 102.0
236 , 21 , 171 , 102.0
236 , 32 , 112 , 102.0
236 , 97 , 227 , 153.0
236 , 119 , 109 , 153.0
236 , 130 , 50 , 153.0
236 , 184 , 224 , 204.0
236 , 195 , 165 , 204.0
237 , 8 , 238 , 102.0
237 , 30 , 120 , 102.0
237 , 52 , 2 , 102.0
237 , 95 , 235 , 153.0
237 , 106 , 176 , 153.0
237 , 117 , 117 , 153.0
237 , 128 , 58 , 153.0
237 , 182 , 232 , 204.0
237 , 215 , 55 , 204.0
238 , 6 , 246 , 102.0
238 , 17 , 187 , 102.0
238 , 39 , 69 , 102.0
238 , 104 , 184 , 153.0
238 , 115 , 125 , 153.0
238 , 137 , 7 , 153.0
238 , 213 , 63 , 204.0
238 , 224 , 4 , 204.0
239 , 4 , 254 , 102.0
239 , 15 , 195 , 102.0
239 , 26 , 136 , 102.0
239 , 37 , 77 , 102.0
239 , 91 , 251 , 153.0
239 , 102 , 192 , 153.0
239 , 113 , 133 , 153.0
239 , 124 , 74 , 153.0
239 , 135 , 15 , 153.0
239 , 178 , 248 , 204.0
239 , 200 , 130 , 204.0
239 , 211 , 71 , 204.0
239 , 222 , 12 , 204.0
240 , 13 , 203 , 102.0
240 , 24 , 144 , 102.0
240 , 35 , 85 , 102.0
240 , 46 , 26 , 102.0
240 , 100 , 200 , 153.0
240 , 111 , 141 , 153.0
240 , 122 , 82 , 153.0
240 , 133 , 23 , 153.0
240 , 187 , 197 , 204.0
240 , 198 , 138 , 204.0
240 , 209 , 79 , 204.0
241 , 11 , 211 , 102.0
241 , 22 , 152 , 102.0
241 , 33 , 93 , 102.0
241 , 98 , 208 , 153.0
241 , 109 , 149 , 153.0
241 , 120 , 90 , 153.0
241 , 185 , 205 , 204.0
241 , 196 , 146 , 204.0
241 , 207 , 87 , 204.0
242 , 9 , 219 , 102.0
242 , 20 , 160 , 102.0
242 , 42 , 42 , 102.0
242 , 96 , 216 , 153.0
242 , 107 , 157 , 153.0
242 , 183 , 213 , 204.0
242 , 194 , 154 , 204.0
242 , 216 , 36 , 204.0
243 , 18 , 168 , 102.0
243 , 94 , 224 , 153.0
243 , 105 , 165 , 153.0
243 , 181 , 221 , 204.0
243 , 192 , 162 , 204.0
243 , 203 , 103 , 204.0
244 , 5 , 235 , 102.0
244 , 16 , 176 , 102.0
244 , 27 , 117 , 102.0
244 , 38 , 58 , 102.0
244 , 92 , 232 , 153.0
244 , 103 , 173 , 153.0
244 , 125 , 55 , 153.0
244 , 179 , 229 , 204.0
244 , 190 , 170 , 204.0
244 , 201 , 111 , 204.0
244 , 212 , 52 , 204.0
245 , 3 , 243 , 102.0
245 , 14 , 184 , 102.0
245 , 25 , 125 , 102.0
245 , 36 , 66 , 102.0
245 , 90 , 240 , 153.0
245 , 101 , 181 , 153.0
245 , 123 , 63 , 153.0
245 , 134 , 4 , 153.0
245 , 177 , 237 , 204.0
245 , 188 , 178 , 204.0
245 , 199 , 119 , 204.0
245 , 221 , 1 , 204.0
246 , 1 , 251 , 102.0
246 , 12 , 192 , 102.0
246 , 34 , 74 , 102.0
246 , 45 , 15 , 102.0
246 , 88 , 248 , 153.0
246 , 110 , 130 , 153.0
246 , 121 , 71 , 153.0
246 , 132 , 12 , 153.0
246 , 175 , 245 , 204.0
246 , 186 , 186 , 204.0
246 , 219 , 9 , 204.0
247 , 10 , 200 , 102.0
247 , 21 , 141 , 102.0
247 , 43 , 23 , 102.0
247 , 97 , 197 , 153.0
247 , 108 , 138 , 153.0
247 , 119 , 79 , 153.0
247 , 130 , 20 , 153.0
247 , 173 , 253 , 204.0
247 , 206 , 76 , 204.0
247 , 217 , 17 , 204.0
248 , 30 , 90 , 102.0
248 , 95 , 205 , 153.0
248 , 106 , 146 , 153.0
248 , 117 , 87 , 153.0
248 , 128 , 28 , 153.0
248 , 204 , 84 , 204.0
248 , 215 , 25 , 204.0
249 , 17 , 157 , 102.0
249 , 28 , 98 , 102.0
249 , 93 , 213 , 153.0
249 , 104 , 154 , 153.0
249 , 115 , 95 , 153.0
249 , 126 , 36 , 153.0
249 , 191 , 151 , 204.0
249 , 202 , 92 , 204.0
249 , 213 , 33 , 204.0
250 , 4 , 224 , 102.0
250 , 15 , 165 , 102.0
250 , 26 , 106 , 102.0
250 , 37 , 47 , 102.0
250 , 91 , 221 , 153.0
250 , 102 , 162 , 153.0
250 , 124 , 44 , 153.0
250 , 189 , 159 , 204.0
250 , 200 , 100 , 204.0
250 , 211 , 41 , 204.0
251 , 2 , 232 , 102.0
251 , 13 , 173 , 102.0
251 , 24 , 114 , 102.0
251 , 89 , 229 , 153.0
251 , 100 , 170 , 153.0
251 , 111 , 111 , 153.0
251 , 176 , 226 , 204.0
251 , 187 , 167 , 204.0
251 , 198 , 108 , 204.0
252 , 0 , 240 , 102.0
252 , 22 , 122 , 102.0
252 , 33 , 63 , 102.0
252 , 87 , 237 , 153.0
252 , 98 , 178 , 153.0
252 , 109 , 119 , 153.0
252 , 131 , 1 , 153.0
252 , 174 , 234 , 204.0
252 , 185 , 175 , 204.0
252 , 196 , 116 , 204.0
252 , 207 , 57 , 204.0
253 , 9 , 189 , 102.0
253 , 31 , 71 , 102.0
253 , 96 , 186 , 153.0
253 , 129 , 9 , 153.0
253 , 172 , 242 , 204.0
253 , 183 , 183 , 204.0
253 , 194 , 124 , 204.0
254 , 7 , 197 , 102.0
254 , 18 , 138 , 102.0
254 , 29 , 79 , 102.0
254 , 40 , 20 , 102.0
254 , 83 , 253 , 153.0
254 , 94 , 194 , 153.0
254 , 105 , 135 , 153.0
254 , 116 , 76 , 153.0
254 , 127 , 17 , 153.0
254 , 170 , 250 , 204.0
254 , 181 , 191 , 204.0
254 , 203 , 73 , 204.0
255 , 5 , 205 , 102.0
255 , 16 , 146 , 102.0
255 , 27 , 87 , 102.0
255 , 38 , 28 , 102.0
255 , 92 , 202 , 153.0
255 , 114 , 84 , 153.0
255 , 125 , 25 , 153.0
255 , 179 , 199 , 204.0
255 , 190 , 140 , 204.0
255 , 255 , 255 , 255.0
