0 , 5 , 255 , 31.0
0 , 16 , 196 , 31.0
0 , 27 , 137 , 31.0
0 , 38 , 78 , 31.0
0 , 49 , 19 , 31.0
0 , 65 , 215 , 62.0
0 , 76 , 156 , 62.0
0 , 87 , 97 , 62.0
0 , 98 , 38 , 62.0
0 , 125 , 175 , 93.0
0 , 136 , 116 , 93.0
0 , 163 , 253 , 124.0
0 , 174 , 194 , 124.0
0 , 196 , 76 , 124.0
0 , 207 , 17 , 124.0
0 , 223 , 213 , 155.0
0 , 234 , 154 , 155.0
1 , 14 , 204 , 31.0
1 , 25 , 145 , 31.0
1 , 36 , 86 , 31.0
1 , 85 , 105 , 62.0
1 , 96 , 46 , 62.0
1 , 112 , 242 , 93.0
1 , 134 , 124 , 93.0
1 , 145 , 65 , 93.0
1 , 183 , 143 , 124.0
1 , 221 , 221 , 155.0
1 , 232 , 162 , 155.0
1 , 254 , 44 , 155.0
2 , 12 , 212 , 31.0
2 , 23 , 153 , 31.0
2 , 34 , 94 , 31.0
2 , 45 , 35 , 31.0
2 , 61 , 231 , 62.0
2 , 72 , 172 , 62.0
2 , 83 , 113 , 62.0
2 , 121 , 191 , 93.0
2 , 154 , 14 , 93.0
2 , 170 , 210 , 124.0
2 , 192 , 92 , 124.0
2 , 241 , 111 , 155.0
3 , 10 , 220 , 31.0
3 , 21 , 161 , 31.0
3 , 32 , 102 , 31.0
3 , 70 , 180 , 62.0
3 , 81 , 121 , 62.0
3 , 119 , 199 , 93.0
3 , 141 , 81 , 93.0
3 , 152 , 22 , 93.0
3 , 168 , 218 , 124.0
3 , 179 , 159 , 124.0
3 , 190 , 100 , 124.0
3 , 201 , 41 , 124.0
3 , 217 , 237 , 155.0
3 , 228 , 178 , 155.0
3 , 239 , 119 , 155.0
3 , 250 , 60 , 155.0
4 , 8 , 228 , 31.0
4 , 19 , 169 , 31.0
4 , 30 , 110 , 31.0
4 , 57 , 247 , 62.0
4 , 68 , 188 , 62.0
4 , 79 , 129 , 62.0
4 , 90 , 70 , 62.0
4 , 101 , 11 , 62.0
4 , 117 , 207 , 93.0
4 , 128 , 148 , 93.0
4 , 139 , 89 , 93.0
4 , 150 , 30 , 93.0
4 , 166 , 226 , 124.0
4 , 177 , 167 , 124.0
4 , 199 , 49 , 124.0
4 , 226 , 186 , 155.0
5 , 6 , 236 , 31.0
5 , 17 , 177 , 31.0
5 , 28 , 118 , 31.0
5 , 39 , 59 , 31.0
5 , 50 , 0 , 31.0
5 , 55 , 255 , 62.0
5 , 66 , 196 , 62.0
5 , 77 , 137 , 62.0
5 , 99 , 19 , 62.0
5 , 115 , 215 , 93.0
5 , 137 , 97 , 93.0
5 , 148 , 38 , 93.0
5 , 175 , 175 , 124.0
5 , 186 , 116 , 124.0
5 , 213 , 253 , 155.0
5 , 224 , 194 , 155.0
5 , 235 , 135 , 155.0
5 , 246 , 76 , 155.0
6 , 4 , 244 , 31.0
6 , 15 , 185 , 31.0
6 , 26 , 126 , 31.0
6 , 37 , 67 , 31.0
6 , 48 , 8 , 31.0
6 , 64 , 204 , 62.0
6 , 75 , 145 , 62.0
6 , 113 , 223 , 93.0
6 , 124 , 164 , 93.0
6 , 146 , 46 , 93.0
6 , 162 , 242 , 124.0
6 , 195 , 65 , 124.0
6 , 222 , 202 , 155.0
6 , 233 , 143 , 155.0
6 , 244 , 84 , 155.0
6 , 255 , 25 , 155.0
7 , 2 , 252 , 31.0
7 , 13 , 193 , 31.0
7 , 24 , 134 , 31.0
7 , 35 , 75 , 31.0
7 , 46 , 16 , 31.0
7 , 62 , 212 , 62.0
7 , 73 , 153 , 62.0
7 , 84 , 94 , 62.0
7 , 95 , 35 , 62.0
7 , 133 , 113 , 93.0
7 , 171 , 191 , 124.0
7 , 204 , 14 , 124.0
7 , 231 , 151 , 155.0
7 , 242 , 92 , 155.0
8 , 11 , 201 , 31.0
8 , 22 , 142 , 31.0
8 , 33 , 83 , 31.0
8 , 60 , 220 , 62.0
8 , 71 , 161 , 62.0
8 , 93 , 43 , 62.0
8 , 109 , 239 , 93.0
8 , 120 , 180 , 93.0
8 , 131 , 121 , 93.0
8 , 142 , 62 , 93.0
8 , 153 , 3 , 93.0
8 , 169 , 199 , 124.0
8 , 180 , 140 , 124.0
8 , 191 , 81 , 124.0
8 , 202 , 22 , 124.0
8 , 218 , 218 , 155.0
8 , 229 , 159 , 155.0
8 , 240 , 100 , 155.0
8 , 251 , 41 , 155.0
9 , 9 , 209 , 31.0
9 , 20 , 150 , 31.0
9 , 31 , 91 , 31.0
9 , 58 , 228 , 62.0
9 , 69 , 169 , 62.0
9 , 80 , 110 , 62.0
9 , 91 , 51 , 62.0
9 , 107 , 247 , 93.0
9 , 118 , 188 , 93.0
9 , 129 , 129 , 93.0
9 , 140 , 70 , 93.0
9 , 167 , 207 , 124.0
9 , 178 , 148 , 124.0
9 , 189 , 89 , 124.0
9 , 200 , 30 , 124.0
9 , 216 , 226 , 155.0
9 , 227 , 167 , 155.0
10 , 7 , 217 , 31.0
10 , 18 , 158 , 31.0
10 , 29 , 99 , 31.0
10 , 40 , 40 , 31.0
10 , 56 , 236 , 62.0
10 , 67 , 177 , 62.0
10 , 78 , 118 , 62.0
10 , 89 , 59 , 62.0
10 , 100 , 0 , 62.0
10 , 116 , 196 , 93.0
10 , 127 , 137 , 93.0
10 , 138 , 78 , 93.0
10 , 149 , 19 , 93.0
10 , 165 , 215 , 124.0
10 , 187 , 97 , 124.0
10 , 198 , 38 , 124.0
10 , 214 , 234 , 155.0
10 , 225 , 175 , 155.0
10 , 247 , 57 , 155.0
11 , 5 , 225 , 31.0
11 , 16 , 166 , 31.0
11 , 27 , 107 , 31.0
11 , 38 , 48 , 31.0
11 , 54 , 244 , 62.0
11 , 65 , 185 , 62.0
11 , 98 , 8 , 62.0
11 , 125 , 145 , 93.0
11 , 136 , 86 , 93.0
11 , 163 , 223 , 124.0
11 , 174 , 164 , 124.0
11 , 196 , 46 , 124.0
11 , 212 , 242 , 155.0
11 , 223 , 183 , 155.0
11 , 234 , 124 , 155.0
11 , 245 , 65 , 155.0
12 , 3 , 233 , 31.0
12 , 14 , 174 , 31.0
12 , 25 , 115 , 31.0
12 , 52 , 252 , 62.0
12 , 63 , 193 , 62.0
12 , 74 , 134 , 62.0
12 , 85 , 75 , 62.0
12 , 96 , 16 , 62.0
12 , 112 , 212 , 93.0
12 , 134 , 94 , 93.0
12 , 183 , 113 , 124.0
12 , 210 , 250 , 155.0
12 , 232 , 132 , 155.0
12 , 243 , 73 , 155.0
13 , 1 , 241 , 31.0
13 , 12 , 182 , 31.0
13 , 23 , 123 , 31.0
13 , 83 , 83 , 62.0
13 , 110 , 220 , 93.0
13 , 121 , 161 , 93.0
13 , 132 , 102 , 93.0
13 , 143 , 43 , 93.0
13 , 159 , 239 , 124.0
13 , 170 , 180 , 124.0
13 , 181 , 121 , 124.0
13 , 192 , 62 , 124.0
13 , 203 , 3 , 124.0
13 , 219 , 199 , 155.0
13 , 230 , 140 , 155.0
13 , 241 , 81 , 155.0
14 , 10 , 190 , 31.0
14 , 21 , 131 , 31.0
14 , 32 , 72 , 31.0
14 , 59 , 209 , 62.0
14 , 70 , 150 , 62.0
14 , 81 , 91 , 62.0
14 , 92 , 32 , 62.0
14 , 108 , 228 , 93.0
14 , 119 , 169 , 93.0
14 , 130 , 110 , 93.0
14 , 141 , 51 , 93.0
14 , 157 , 247 , 124.0
14 , 168 , 188 , 124.0
14 , 179 , 129 , 124.0
14 , 190 , 70 , 124.0
14 , 217 , 207 , 155.0
14 , 250 , 30 , 155.0
15 , 8 , 198 , 31.0
15 , 19 , 139 , 31.0
15 , 30 , 80 , 31.0
15 , 57 , 217 , 62.0
15 , 68 , 158 , 62.0
15 , 79 , 99 , 62.0
15 , 106 , 236 , 93.0
15 , 117 , 177 , 93.0
15 , 128 , 118 , 93.0
15 , 150 , 0 , 93.0
15 , 166 , 196 , 124.0
15 , 177 , 137 , 124.0
15 , 199 , 19 , 124.0
15 , 215 , 215 , 155.0
15 , 226 , 156 , 155.0
15 , 248 , 38 , 155.0
16 , 6 , 206 , 31.0
16 , 17 , 147 , 31.0
16 , 28 , 88 , 31.0
16 , 39 , 29 , 31.0
16 , 66 , 166 , 62.0
16 , 77 , 107 , 62.0
16 , 104 , 244 , 93.0
16 , 115 , 185 , 93.0
16 , 137 , 67 , 93.0
16 , 175 , 145 , 124.0
16 , 186 , 86 , 124.0
16 , 213 , 223 , 155.0
16 , 224 , 164 , 155.0
16 , 246 , 46 , 155.0
17 , 4 , 214 , 31.0
17 , 15 , 155 , 31.0
17 , 26 , 96 , 31.0
17 , 37 , 37 , 31.0
17 , 53 , 233 , 62.0
17 , 64 , 174 , 62.0
17 , 75 , 115 , 62.0
17 , 86 , 56 , 62.0
17 , 102 , 252 , 93.0
17 , 113 , 193 , 93.0
17 , 146 , 16 , 93.0
17 , 162 , 212 , 124.0
17 , 211 , 231 , 155.0
17 , 222 , 172 , 155.0
17 , 233 , 113 , 155.0
18 , 2 , 222 , 31.0
18 , 13 , 163 , 31.0
18 , 24 , 104 , 31.0
18 , 51 , 241 , 62.0
18 , 62 , 182 , 62.0
18 , 73 , 123 , 62.0
18 , 111 , 201 , 93.0
18 , 122 , 142 , 93.0
18 , 133 , 83 , 93.0
18 , 144 , 24 , 93.0
18 , 160 , 220 , 124.0
18 , 171 , 161 , 124.0
18 , 182 , 102 , 124.0
18 , 193 , 43 , 124.0
18 , 220 , 180 , 155.0
18 , 231 , 121 , 155.0
18 , 242 , 62 , 155.0
18 , 253 , 3 , 155.0
19 , 0 , 230 , 31.0
19 , 11 , 171 , 31.0
19 , 22 , 112 , 31.0
19 , 33 , 53 , 31.0
19 , 49 , 249 , 62.0
19 , 60 , 190 , 62.0
19 , 71 , 131 , 62.0
19 , 82 , 72 , 62.0
19 , 93 , 13 , 62.0
19 , 109 , 209 , 93.0
19 , 120 , 150 , 93.0
19 , 131 , 91 , 93.0
19 , 142 , 32 , 93.0
19 , 158 , 228 , 124.0
19 , 169 , 169 , 124.0
19 , 191 , 51 , 124.0
19 , 207 , 247 , 155.0
19 , 218 , 188 , 155.0
19 , 251 , 11 , 155.0
20 , 9 , 179 , 31.0
20 , 31 , 61 , 31.0
20 , 58 , 198 , 62.0
20 , 69 , 139 , 62.0
20 , 80 , 80 , 62.0
20 , 91 , 21 , 62.0
20 , 107 , 217 , 93.0
20 , 129 , 99 , 93.0
20 , 140 , 40 , 93.0
20 , 156 , 236 , 124.0
20 , 167 , 177 , 124.0
20 , 178 , 118 , 124.0
20 , 200 , 0 , 124.0
20 , 205 , 255 , 155.0
20 , 216 , 196 , 155.0
20 , 227 , 137 , 155.0
20 , 238 , 78 , 155.0
20 , 249 , 19 , 155.0
21 , 7 , 187 , 31.0
21 , 18 , 128 , 31.0
21 , 29 , 69 , 31.0
21 , 40 , 10 , 31.0
21 , 56 , 206 , 62.0
21 , 67 , 147 , 62.0
21 , 105 , 225 , 93.0
21 , 116 , 166 , 93.0
21 , 138 , 48 , 93.0
21 , 154 , 244 , 124.0
21 , 165 , 185 , 124.0
21 , 187 , 67 , 124.0
21 , 214 , 204 , 155.0
21 , 225 , 145 , 155.0
21 , 236 , 86 , 155.0
21 , 247 , 27 , 155.0
22 , 5 , 195 , 31.0
22 , 16 , 136 , 31.0
22 , 27 , 77 , 31.0
22 , 54 , 214 , 62.0
22 , 65 , 155 , 62.0
22 , 76 , 96 , 62.0
22 , 87 , 37 , 62.0
22 , 125 , 115 , 93.0
22 , 163 , 193 , 124.0
22 , 196 , 16 , 124.0
22 , 212 , 212 , 155.0
22 , 223 , 153 , 155.0
22 , 234 , 94 , 155.0
23 , 3 , 203 , 31.0
23 , 14 , 144 , 31.0
23 , 25 , 85 , 31.0
23 , 52 , 222 , 62.0
23 , 85 , 45 , 62.0
23 , 101 , 241 , 93.0
23 , 112 , 182 , 93.0
23 , 123 , 123 , 93.0
23 , 145 , 5 , 93.0
23 , 161 , 201 , 124.0
23 , 172 , 142 , 124.0
23 , 183 , 83 , 124.0
23 , 194 , 24 , 124.0
23 , 221 , 161 , 155.0
23 , 232 , 102 , 155.0
23 , 243 , 43 , 155.0
24 , 1 , 211 , 31.0
24 , 12 , 152 , 31.0
24 , 34 , 34 , 31.0
24 , 50 , 230 , 62.0
24 , 61 , 171 , 62.0
24 , 83 , 53 , 62.0
24 , 99 , 249 , 93.0
24 , 110 , 190 , 93.0
24 , 121 , 131 , 93.0
24 , 132 , 72 , 93.0
24 , 143 , 13 , 93.0
24 , 170 , 150 , 124.0
24 , 181 , 91 , 124.0
24 , 192 , 32 , 124.0
24 , 208 , 228 , 155.0
24 , 241 , 51 , 155.0
25 , 10 , 160 , 31.0
25 , 21 , 101 , 31.0
25 , 32 , 42 , 31.0
25 , 48 , 238 , 62.0
25 , 59 , 179 , 62.0
25 , 70 , 120 , 62.0
25 , 81 , 61 , 62.0
25 , 108 , 198 , 93.0
25 , 119 , 139 , 93.0
25 , 130 , 80 , 93.0
25 , 141 , 21 , 93.0
25 , 157 , 217 , 124.0
25 , 179 , 99 , 124.0
25 , 190 , 40 , 124.0
25 , 206 , 236 , 155.0
25 , 217 , 177 , 155.0
25 , 239 , 59 , 155.0
25 , 250 , 0 , 155.0
25 , 255 , 255 , 186.0
26 , 8 , 168 , 31.0
26 , 19 , 109 , 31.0
26 , 30 , 50 , 31.0
26 , 46 , 246 , 62.0
26 , 79 , 69 , 62.0
26 , 106 , 206 , 93.0
26 , 117 , 147 , 93.0
26 , 128 , 88 , 93.0
26 , 166 , 166 , 124.0
26 , 204 , 244 , 155.0
26 , 215 , 185 , 155.0
26 , 226 , 126 , 155.0
26 , 237 , 67 , 155.0
26 , 248 , 8 , 155.0
27 , 6 , 176 , 31.0
27 , 17 , 117 , 31.0
27 , 44 , 254 , 62.0
27 , 55 , 195 , 62.0
27 , 66 , 136 , 62.0
27 , 77 , 77 , 62.0
27 , 104 , 214 , 93.0
27 , 137 , 37 , 93.0
27 , 175 , 115 , 124.0
27 , 202 , 252 , 155.0
27 , 224 , 134 , 155.0
27 , 235 , 75 , 155.0
28 , 4 , 184 , 31.0
28 , 15 , 125 , 31.0
28 , 26 , 66 , 31.0
28 , 53 , 203 , 62.0
28 , 64 , 144 , 62.0
28 , 75 , 85 , 62.0
28 , 102 , 222 , 93.0
28 , 113 , 163 , 93.0
28 , 124 , 104 , 93.0
28 , 135 , 45 , 93.0
28 , 151 , 241 , 124.0
28 , 162 , 182 , 124.0
28 , 173 , 123 , 124.0
28 , 184 , 64 , 124.0
28 , 195 , 5 , 124.0
28 , 211 , 201 , 155.0
28 , 222 , 142 , 155.0
28 , 233 , 83 , 155.0
29 , 2 , 192 , 31.0
29 , 13 , 133 , 31.0
29 , 24 , 74 , 31.0
29 , 51 , 211 , 62.0
29 , 62 , 152 , 62.0
29 , 73 , 93 , 62.0
29 , 100 , 230 , 93.0
29 , 111 , 171 , 93.0
29 , 122 , 112 , 93.0
29 , 133 , 53 , 93.0
29 , 149 , 249 , 124.0
29 , 160 , 190 , 124.0
29 , 171 , 131 , 124.0
29 , 182 , 72 , 124.0
29 , 193 , 13 , 124.0
29 , 209 , 209 , 155.0
29 , 242 , 32 , 155.0
30 , 0 , 200 , 31.0
30 , 11 , 141 , 31.0
30 , 33 , 23 , 31.0
30 , 49 , 219 , 62.0
30 , 60 , 160 , 62.0
30 , 71 , 101 , 62.0
30 , 98 , 238 , 93.0
30 , 109 , 179 , 93.0
30 , 120 , 120 , 93.0
30 , 142 , 2 , 93.0
30 , 158 , 198 , 124.0
30 , 169 , 139 , 124.0
30 , 191 , 21 , 124.0
30 , 207 , 217 , 155.0
30 , 218 , 158 , 155.0
30 , 229 , 99 , 155.0
30 , 240 , 40 , 155.0
31 , 9 , 149 , 31.0
31 , 20 , 90 , 31.0
31 , 58 , 168 , 62.0
31 , 69 , 109 , 62.0
31 , 96 , 246 , 93.0
31 , 107 , 187 , 93.0
31 , 129 , 69 , 93.0
31 , 167 , 147 , 124.0
31 , 178 , 88 , 124.0
31 , 205 , 225 , 155.0
31 , 216 , 166 , 155.0
31 , 238 , 48 , 155.0
31 , 254 , 244 , 186.0
32 , 7 , 157 , 31.0
32 , 18 , 98 , 31.0
32 , 29 , 39 , 31.0
32 , 45 , 235 , 62.0
32 , 56 , 176 , 62.0
32 , 67 , 117 , 62.0
32 , 78 , 58 , 62.0
32 , 105 , 195 , 93.0
32 , 116 , 136 , 93.0
32 , 138 , 18 , 93.0
32 , 154 , 214 , 124.0
32 , 187 , 37 , 124.0
32 , 203 , 233 , 155.0
32 , 214 , 174 , 155.0
32 , 225 , 115 , 155.0
33 , 5 , 165 , 31.0
33 , 16 , 106 , 31.0
33 , 27 , 47 , 31.0
33 , 43 , 243 , 62.0
33 , 54 , 184 , 62.0
33 , 65 , 125 , 62.0
33 , 87 , 7 , 62.0
33 , 103 , 203 , 93.0
33 , 114 , 144 , 93.0
33 , 125 , 85 , 93.0
33 , 136 , 26 , 93.0
33 , 152 , 222 , 124.0
33 , 163 , 163 , 124.0
33 , 174 , 104 , 124.0
33 , 185 , 45 , 124.0
33 , 212 , 182 , 155.0
33 , 223 , 123 , 155.0
33 , 234 , 64 , 155.0
33 , 245 , 5 , 155.0
34 , 3 , 173 , 31.0
34 , 14 , 114 , 31.0
34 , 25 , 55 , 31.0
34 , 41 , 251 , 62.0
34 , 52 , 192 , 62.0
34 , 74 , 74 , 62.0
34 , 101 , 211 , 93.0
34 , 112 , 152 , 93.0
34 , 123 , 93 , 93.0
34 , 134 , 34 , 93.0
34 , 150 , 230 , 124.0
34 , 161 , 171 , 124.0
34 , 172 , 112 , 124.0
34 , 183 , 53 , 124.0
34 , 199 , 249 , 155.0
34 , 210 , 190 , 155.0
34 , 243 , 13 , 155.0
35 , 1 , 181 , 31.0
35 , 12 , 122 , 31.0
35 , 23 , 63 , 31.0
35 , 34 , 4 , 31.0
35 , 50 , 200 , 62.0
35 , 72 , 82 , 62.0
35 , 83 , 23 , 62.0
35 , 99 , 219 , 93.0
35 , 110 , 160 , 93.0
35 , 121 , 101 , 93.0
35 , 132 , 42 , 93.0
35 , 148 , 238 , 124.0
35 , 170 , 120 , 124.0
35 , 192 , 2 , 124.0
35 , 208 , 198 , 155.0
35 , 230 , 80 , 155.0
35 , 241 , 21 , 155.0
36 , 10 , 130 , 31.0
36 , 32 , 12 , 31.0
36 , 48 , 208 , 62.0
36 , 81 , 31 , 62.0
36 , 97 , 227 , 93.0
36 , 108 , 168 , 93.0
36 , 130 , 50 , 93.0
36 , 146 , 246 , 124.0
36 , 157 , 187 , 124.0
36 , 179 , 69 , 124.0
36 , 206 , 206 , 155.0
36 , 217 , 147 , 155.0
36 , 228 , 88 , 155.0
36 , 239 , 29 , 155.0
36 , 255 , 225 , 186.0
37 , 8 , 138 , 31.0
37 , 19 , 79 , 31.0
37 , 46 , 216 , 62.0
37 , 57 , 157 , 62.0
37 , 68 , 98 , 62.0
37 , 79 , 39 , 62.0
37 , 95 , 235 , 93.0
37 , 106 , 176 , 93.0
37 , 117 , 117 , 93.0
37 , 166 , 136 , 124.0
37 , 204 , 214 , 155.0
37 , 215 , 155 , 155.0
37 , 226 , 96 , 155.0
38 , 6 , 146 , 31.0
38 , 17 , 87 , 31.0
38 , 28 , 28 , 31.0
38 , 44 , 224 , 62.0
38 , 66 , 106 , 62.0
38 , 77 , 47 , 62.0
38 , 93 , 243 , 93.0
38 , 104 , 184 , 93.0
38 , 115 , 125 , 93.0
38 , 126 , 66 , 93.0
38 , 137 , 7 , 93.0
38 , 153 , 203 , 124.0
38 , 164 , 144 , 124.0
38 , 175 , 85 , 124.0
38 , 186 , 26 , 124.0
38 , 202 , 222 , 155.0
38 , 213 , 163 , 155.0
38 , 224 , 104 , 155.0
38 , 235 , 45 , 155.0
38 , 251 , 241 , 186.0
39 , 4 , 154 , 31.0
39 , 26 , 36 , 31.0
39 , 42 , 232 , 62.0
39 , 53 , 173 , 62.0
39 , 75 , 55 , 62.0
39 , 91 , 251 , 93.0
39 , 102 , 192 , 93.0
39 , 113 , 133 , 93.0
39 , 124 , 74 , 93.0
39 , 135 , 15 , 93.0
39 , 151 , 211 , 124.0
39 , 162 , 152 , 124.0
39 , 173 , 93 , 124.0
39 , 200 , 230 , 155.0
39 , 211 , 171 , 155.0
39 , 233 , 53 , 155.0
39 , 249 , 249 , 186.0
40 , 2 , 162 , 31.0
40 , 13 , 103 , 31.0
40 , 24 , 44 , 31.0
40 , 51 , 181 , 62.0
40 , 62 , 122 , 62.0
40 , 73 , 63 , 62.0
40 , 100 , 200 , 93.0
40 , 111 , 141 , 93.0
40 , 133 , 23 , 93.0
40 , 149 , 219 , 124.0
40 , 160 , 160 , 124.0
40 , 171 , 101 , 124.0
40 , 182 , 42 , 124.0
40 , 198 , 238 , 155.0
40 , 209 , 179 , 155.0
40 , 231 , 61 , 155.0
40 , 242 , 2 , 155.0
41 , 0 , 170 , 31.0
41 , 11 , 111 , 31.0
41 , 38 , 248 , 62.0
41 , 49 , 189 , 62.0
41 , 60 , 130 , 62.0
41 , 71 , 71 , 62.0
41 , 98 , 208 , 93.0
41 , 109 , 149 , 93.0
41 , 120 , 90 , 93.0
41 , 158 , 168 , 124.0
41 , 196 , 246 , 155.0
41 , 207 , 187 , 155.0
41 , 229 , 69 , 155.0
41 , 240 , 10 , 155.0
42 , 9 , 119 , 31.0
42 , 20 , 60 , 31.0
42 , 31 , 1 , 31.0
42 , 47 , 197 , 62.0
42 , 58 , 138 , 62.0
42 , 69 , 79 , 62.0
42 , 80 , 20 , 62.0
42 , 96 , 216 , 93.0
42 , 129 , 39 , 93.0
42 , 145 , 235 , 124.0
42 , 167 , 117 , 124.0
42 , 194 , 254 , 155.0
42 , 216 , 136 , 155.0
42 , 227 , 77 , 155.0
43 , 7 , 127 , 31.0
43 , 18 , 68 , 31.0
43 , 45 , 205 , 62.0
43 , 56 , 146 , 62.0
43 , 67 , 87 , 62.0
43 , 94 , 224 , 93.0
43 , 105 , 165 , 93.0
43 , 116 , 106 , 93.0
43 , 127 , 47 , 93.0
43 , 143 , 243 , 124.0
43 , 154 , 184 , 124.0
43 , 165 , 125 , 124.0
43 , 176 , 66 , 124.0
43 , 187 , 7 , 124.0
43 , 203 , 203 , 155.0
43 , 214 , 144 , 155.0
43 , 225 , 85 , 155.0
43 , 236 , 26 , 155.0
43 , 252 , 222 , 186.0
44 , 5 , 135 , 31.0
44 , 16 , 76 , 31.0
44 , 27 , 17 , 31.0
44 , 54 , 154 , 62.0
44 , 65 , 95 , 62.0
44 , 103 , 173 , 93.0
44 , 114 , 114 , 93.0
44 , 125 , 55 , 93.0
44 , 141 , 251 , 124.0
44 , 152 , 192 , 124.0
44 , 163 , 133 , 124.0
44 , 174 , 74 , 124.0
44 , 185 , 15 , 124.0
44 , 201 , 211 , 155.0
44 , 212 , 152 , 155.0
44 , 234 , 34 , 155.0
44 , 250 , 230 , 186.0
45 , 3 , 143 , 31.0
45 , 14 , 84 , 31.0
45 , 25 , 25 , 31.0
45 , 41 , 221 , 62.0
45 , 52 , 162 , 62.0
45 , 74 , 44 , 62.0
45 , 90 , 240 , 93.0
45 , 101 , 181 , 93.0
45 , 112 , 122 , 93.0
45 , 123 , 63 , 93.0
45 , 134 , 4 , 93.0
45 , 150 , 200 , 124.0
45 , 161 , 141 , 124.0
45 , 183 , 23 , 124.0
45 , 199 , 219 , 155.0
45 , 221 , 101 , 155.0
45 , 232 , 42 , 155.0
45 , 248 , 238 , 186.0
46 , 1 , 151 , 31.0
46 , 12 , 92 , 31.0
46 , 39 , 229 , 62.0
46 , 50 , 170 , 62.0
46 , 88 , 248 , 93.0
46 , 99 , 189 , 93.0
46 , 121 , 71 , 93.0
46 , 170 , 90 , 124.0
46 , 197 , 227 , 155.0
46 , 208 , 168 , 155.0
46 , 219 , 109 , 155.0
46 , 230 , 50 , 155.0
46 , 246 , 246 , 186.0
47 , 10 , 100 , 31.0
47 , 21 , 41 , 31.0
47 , 37 , 237 , 62.0
47 , 48 , 178 , 62.0
47 , 59 , 119 , 62.0
47 , 70 , 60 , 62.0
47 , 81 , 1 , 62.0
47 , 97 , 197 , 93.0
47 , 108 , 138 , 93.0
47 , 130 , 20 , 93.0
47 , 146 , 216 , 124.0
47 , 179 , 39 , 124.0
47 , 195 , 235 , 155.0
47 , 206 , 176 , 155.0
47 , 217 , 117 , 155.0
48 , 8 , 108 , 31.0
48 , 19 , 49 , 31.0
48 , 35 , 245 , 62.0
48 , 68 , 68 , 62.0
48 , 79 , 9 , 62.0
48 , 106 , 146 , 93.0
48 , 117 , 87 , 93.0
48 , 155 , 165 , 124.0
48 , 166 , 106 , 124.0
48 , 204 , 184 , 155.0
48 , 215 , 125 , 155.0
48 , 226 , 66 , 155.0
48 , 237 , 7 , 155.0
48 , 253 , 203 , 186.0
49 , 6 , 116 , 31.0
49 , 33 , 253 , 62.0
49 , 44 , 194 , 62.0
49 , 66 , 76 , 62.0
49 , 93 , 213 , 93.0
49 , 104 , 154 , 93.0
49 , 115 , 95 , 93.0
49 , 142 , 232 , 124.0
49 , 153 , 173 , 124.0
49 , 164 , 114 , 124.0
49 , 175 , 55 , 124.0
49 , 191 , 251 , 155.0
49 , 202 , 192 , 155.0
49 , 224 , 74 , 155.0
49 , 235 , 15 , 155.0
49 , 251 , 211 , 186.0
50 , 4 , 124 , 31.0
50 , 15 , 65 , 31.0
50 , 26 , 6 , 31.0
50 , 42 , 202 , 62.0
50 , 53 , 143 , 62.0
50 , 64 , 84 , 62.0
50 , 75 , 25 , 62.0
50 , 91 , 221 , 93.0
50 , 102 , 162 , 93.0
50 , 113 , 103 , 93.0
50 , 124 , 44 , 93.0
50 , 140 , 240 , 124.0
50 , 162 , 122 , 124.0
50 , 173 , 63 , 124.0
50 , 200 , 200 , 155.0
50 , 211 , 141 , 155.0
50 , 222 , 82 , 155.0
50 , 233 , 23 , 155.0
50 , 249 , 219 , 186.0
51 , 2 , 132 , 31.0
51 , 13 , 73 , 31.0
51 , 24 , 14 , 31.0
51 , 40 , 210 , 62.0
51 , 51 , 151 , 62.0
51 , 73 , 33 , 62.0
51 , 89 , 229 , 93.0
51 , 100 , 170 , 93.0
51 , 111 , 111 , 93.0
51 , 138 , 248 , 124.0
51 , 149 , 189 , 124.0
51 , 171 , 71 , 124.0
51 , 198 , 208 , 155.0
51 , 209 , 149 , 155.0
51 , 220 , 90 , 155.0
51 , 231 , 31 , 155.0
51 , 247 , 227 , 186.0
52 , 0 , 140 , 31.0
52 , 11 , 81 , 31.0
52 , 22 , 22 , 31.0
52 , 38 , 218 , 62.0
52 , 49 , 159 , 62.0
52 , 60 , 100 , 62.0
52 , 71 , 41 , 62.0
52 , 87 , 237 , 93.0
52 , 98 , 178 , 93.0
52 , 109 , 119 , 93.0
52 , 158 , 138 , 124.0
52 , 196 , 216 , 155.0
52 , 207 , 157 , 155.0
52 , 218 , 98 , 155.0
53 , 9 , 89 , 31.0
53 , 36 , 226 , 62.0
53 , 47 , 167 , 62.0
53 , 58 , 108 , 62.0
53 , 69 , 49 , 62.0
53 , 85 , 245 , 93.0
53 , 96 , 186 , 93.0
53 , 107 , 127 , 93.0
53 , 156 , 146 , 124.0
53 , 167 , 87 , 124.0
53 , 194 , 224 , 155.0
53 , 205 , 165 , 155.0
53 , 216 , 106 , 155.0
53 , 227 , 47 , 155.0
53 , 243 , 243 , 186.0
53 , 254 , 184 , 186.0
54 , 7 , 97 , 31.0
54 , 18 , 38 , 31.0
54 , 34 , 234 , 62.0
54 , 45 , 175 , 62.0
54 , 83 , 253 , 93.0
54 , 94 , 194 , 93.0
54 , 116 , 76 , 93.0
54 , 127 , 17 , 93.0
54 , 143 , 213 , 124.0
54 , 154 , 154 , 124.0
54 , 165 , 95 , 124.0
54 , 192 , 232 , 155.0
54 , 203 , 173 , 155.0
54 , 225 , 55 , 155.0
54 , 241 , 251 , 186.0
55 , 5 , 105 , 31.0
55 , 32 , 242 , 62.0
55 , 43 , 183 , 62.0
55 , 54 , 124 , 62.0
55 , 65 , 65 , 62.0
55 , 92 , 202 , 93.0
55 , 103 , 143 , 93.0
55 , 125 , 25 , 93.0
55 , 141 , 221 , 124.0
55 , 152 , 162 , 124.0
55 , 163 , 103 , 124.0
55 , 174 , 44 , 124.0
55 , 190 , 240 , 155.0
55 , 223 , 63 , 155.0
55 , 234 , 4 , 155.0
55 , 250 , 200 , 186.0
56 , 3 , 113 , 31.0
56 , 30 , 250 , 62.0
56 , 41 , 191 , 62.0
56 , 52 , 132 , 62.0
56 , 63 , 73 , 62.0
56 , 90 , 210 , 93.0
56 , 101 , 151 , 93.0
56 , 112 , 92 , 93.0
56 , 150 , 170 , 124.0
56 , 161 , 111 , 124.0
56 , 188 , 248 , 155.0
56 , 199 , 189 , 155.0
56 , 210 , 130 , 155.0
56 , 221 , 71 , 155.0
56 , 232 , 12 , 155.0
56 , 248 , 208 , 186.0
57 , 1 , 121 , 31.0
57 , 12 , 62 , 31.0
57 , 39 , 199 , 62.0
57 , 72 , 22 , 62.0
57 , 88 , 218 , 93.0
57 , 121 , 41 , 93.0
57 , 137 , 237 , 124.0
57 , 197 , 197 , 155.0
57 , 208 , 138 , 155.0
58 , 21 , 11 , 31.0
58 , 37 , 207 , 62.0
58 , 48 , 148 , 62.0
58 , 97 , 167 , 93.0
58 , 108 , 108 , 93.0
58 , 146 , 186 , 124.0
58 , 157 , 127 , 124.0
58 , 195 , 205 , 155.0
58 , 206 , 146 , 155.0
58 , 217 , 87 , 155.0
58 , 228 , 28 , 155.0
58 , 244 , 224 , 186.0
58 , 255 , 165 , 186.0
59 , 8 , 78 , 31.0
59 , 46 , 156 , 62.0
59 , 57 , 97 , 62.0
59 , 95 , 175 , 93.0
59 , 106 , 116 , 93.0
59 , 117 , 57 , 93.0
59 , 133 , 253 , 124.0
59 , 144 , 194 , 124.0
59 , 166 , 76 , 124.0
59 , 177 , 17 , 124.0
59 , 193 , 213 , 155.0
59 , 204 , 154 , 155.0
59 , 226 , 36 , 155.0
59 , 242 , 232 , 186.0
60 , 6 , 86 , 31.0
60 , 17 , 27 , 31.0
60 , 33 , 223 , 62.0
60 , 55 , 105 , 62.0
60 , 66 , 46 , 62.0
60 , 82 , 242 , 93.0
60 , 93 , 183 , 93.0
60 , 104 , 124 , 93.0
60 , 115 , 65 , 93.0
60 , 142 , 202 , 124.0
60 , 153 , 143 , 124.0
60 , 175 , 25 , 124.0
60 , 191 , 221 , 155.0
60 , 202 , 162 , 155.0
60 , 213 , 103 , 155.0
60 , 224 , 44 , 155.0
60 , 240 , 240 , 186.0
60 , 251 , 181 , 186.0
61 , 4 , 94 , 31.0
61 , 15 , 35 , 31.0
61 , 31 , 231 , 62.0
61 , 42 , 172 , 62.0
61 , 53 , 113 , 62.0
61 , 64 , 54 , 62.0
61 , 80 , 250 , 93.0
61 , 91 , 191 , 93.0
61 , 102 , 132 , 93.0
61 , 113 , 73 , 93.0
61 , 124 , 14 , 93.0
61 , 140 , 210 , 124.0
61 , 162 , 92 , 124.0
61 , 189 , 229 , 155.0
61 , 200 , 170 , 155.0
61 , 211 , 111 , 155.0
61 , 222 , 52 , 155.0
61 , 238 , 248 , 186.0
61 , 249 , 189 , 186.0
62 , 2 , 102 , 31.0
62 , 40 , 180 , 62.0
62 , 51 , 121 , 62.0
62 , 73 , 3 , 62.0
62 , 89 , 199 , 93.0
62 , 100 , 140 , 93.0
62 , 138 , 218 , 124.0
62 , 171 , 41 , 124.0
62 , 187 , 237 , 155.0
62 , 198 , 178 , 155.0
62 , 209 , 119 , 155.0
62 , 231 , 1 , 155.0
62 , 247 , 197 , 186.0
63 , 0 , 110 , 31.0
63 , 27 , 247 , 62.0
63 , 49 , 129 , 62.0
63 , 60 , 70 , 62.0
63 , 71 , 11 , 62.0
63 , 98 , 148 , 93.0
63 , 147 , 167 , 124.0
63 , 158 , 108 , 124.0
63 , 196 , 186 , 155.0
63 , 207 , 127 , 155.0
63 , 218 , 68 , 155.0
63 , 229 , 9 , 155.0
63 , 245 , 205 , 186.0
64 , 9 , 59 , 31.0
64 , 20 , 0 , 31.0
64 , 25 , 255 , 62.0
64 , 36 , 196 , 62.0
64 , 58 , 78 , 62.0
64 , 69 , 19 , 62.0
64 , 85 , 215 , 93.0
64 , 96 , 156 , 93.0
64 , 107 , 97 , 93.0
64 , 118 , 38 , 93.0
64 , 134 , 234 , 124.0
64 , 145 , 175 , 124.0
64 , 156 , 116 , 124.0
64 , 167 , 57 , 124.0
64 , 183 , 253 , 155.0
64 , 194 , 194 , 155.0
64 , 216 , 76 , 155.0
64 , 227 , 17 , 155.0
64 , 243 , 213 , 186.0
65 , 7 , 67 , 31.0
65 , 34 , 204 , 62.0
65 , 45 , 145 , 62.0
65 , 56 , 86 , 62.0
65 , 67 , 27 , 62.0
65 , 83 , 223 , 93.0
65 , 94 , 164 , 93.0
65 , 116 , 46 , 93.0
65 , 132 , 242 , 124.0
65 , 154 , 124 , 124.0
65 , 165 , 65 , 124.0
65 , 192 , 202 , 155.0
65 , 214 , 84 , 155.0
65 , 225 , 25 , 155.0
65 , 241 , 221 , 186.0
66 , 5 , 75 , 31.0
66 , 32 , 212 , 62.0
66 , 43 , 153 , 62.0
66 , 54 , 94 , 62.0
66 , 81 , 231 , 93.0
66 , 92 , 172 , 93.0
66 , 103 , 113 , 93.0
66 , 130 , 250 , 124.0
66 , 141 , 191 , 124.0
66 , 163 , 73 , 124.0
66 , 174 , 14 , 124.0
66 , 190 , 210 , 155.0
66 , 201 , 151 , 155.0
66 , 212 , 92 , 155.0
66 , 223 , 33 , 155.0
66 , 239 , 229 , 186.0
66 , 250 , 170 , 186.0
67 , 3 , 83 , 31.0
67 , 14 , 24 , 31.0
67 , 30 , 220 , 62.0
67 , 52 , 102 , 62.0
67 , 63 , 43 , 62.0
67 , 79 , 239 , 93.0
67 , 101 , 121 , 93.0
67 , 112 , 62 , 93.0
67 , 150 , 140 , 124.0
67 , 199 , 159 , 155.0
67 , 210 , 100 , 155.0
67 , 248 , 178 , 186.0
68 , 1 , 91 , 31.0
68 , 28 , 228 , 62.0
68 , 39 , 169 , 62.0
68 , 50 , 110 , 62.0
68 , 77 , 247 , 93.0
68 , 88 , 188 , 93.0
68 , 99 , 129 , 93.0
68 , 148 , 148 , 124.0
68 , 186 , 226 , 155.0
68 , 197 , 167 , 155.0
68 , 208 , 108 , 155.0
68 , 235 , 245 , 186.0
68 , 246 , 186 , 186.0
69 , 10 , 40 , 31.0
69 , 26 , 236 , 62.0
69 , 37 , 177 , 62.0
69 , 48 , 118 , 62.0
69 , 70 , 0 , 62.0
69 , 75 , 255 , 93.0
69 , 86 , 196 , 93.0
69 , 97 , 137 , 93.0
69 , 108 , 78 , 93.0
69 , 119 , 19 , 93.0
69 , 135 , 215 , 124.0
69 , 146 , 156 , 124.0
69 , 157 , 97 , 124.0
69 , 168 , 38 , 124.0
69 , 184 , 234 , 155.0
69 , 195 , 175 , 155.0
69 , 217 , 57 , 155.0
69 , 233 , 253 , 186.0
70 , 8 , 48 , 31.0
70 , 24 , 244 , 62.0
70 , 35 , 185 , 62.0
70 , 46 , 126 , 62.0
70 , 68 , 8 , 62.0
70 , 84 , 204 , 93.0
70 , 95 , 145 , 93.0
70 , 106 , 86 , 93.0
70 , 117 , 27 , 93.0
70 , 133 , 223 , 124.0
70 , 144 , 164 , 124.0
70 , 166 , 46 , 124.0
70 , 182 , 242 , 155.0
70 , 193 , 183 , 155.0
70 , 204 , 124 , 155.0
70 , 215 , 65 , 155.0
70 , 226 , 6 , 155.0
70 , 242 , 202 , 186.0
71 , 6 , 56 , 31.0
71 , 22 , 252 , 62.0
71 , 33 , 193 , 62.0
71 , 44 , 134 , 62.0
71 , 55 , 75 , 62.0
71 , 82 , 212 , 93.0
71 , 93 , 153 , 93.0
71 , 104 , 94 , 93.0
71 , 142 , 172 , 124.0
71 , 153 , 113 , 124.0
71 , 180 , 250 , 155.0
71 , 191 , 191 , 155.0
71 , 202 , 132 , 155.0
71 , 213 , 73 , 155.0
71 , 224 , 14 , 155.0
71 , 240 , 210 , 186.0
71 , 251 , 151 , 186.0
72 , 31 , 201 , 62.0
72 , 53 , 83 , 62.0
72 , 64 , 24 , 62.0
72 , 80 , 220 , 93.0
72 , 91 , 161 , 93.0
72 , 102 , 102 , 93.0
72 , 113 , 43 , 93.0
72 , 129 , 239 , 124.0
72 , 162 , 62 , 124.0
72 , 189 , 199 , 155.0
72 , 200 , 140 , 155.0
72 , 211 , 81 , 155.0
72 , 249 , 159 , 186.0
73 , 2 , 72 , 31.0
73 , 13 , 13 , 31.0
73 , 29 , 209 , 62.0
73 , 40 , 150 , 62.0
73 , 62 , 32 , 62.0
73 , 89 , 169 , 93.0
73 , 100 , 110 , 93.0
73 , 138 , 188 , 124.0
73 , 149 , 129 , 124.0
73 , 187 , 207 , 155.0
73 , 198 , 148 , 155.0
73 , 220 , 30 , 155.0
73 , 236 , 226 , 186.0
73 , 247 , 167 , 186.0
74 , 0 , 80 , 31.0
74 , 27 , 217 , 62.0
74 , 38 , 158 , 62.0
74 , 49 , 99 , 62.0
74 , 76 , 236 , 93.0
74 , 87 , 177 , 93.0
74 , 98 , 118 , 93.0
74 , 109 , 59 , 93.0
74 , 120 , 0 , 93.0
74 , 125 , 255 , 124.0
74 , 136 , 196 , 124.0
74 , 147 , 137 , 124.0
74 , 158 , 78 , 124.0
74 , 169 , 19 , 124.0
74 , 185 , 215 , 155.0
74 , 196 , 156 , 155.0
74 , 218 , 38 , 155.0
74 , 234 , 234 , 186.0
75 , 9 , 29 , 31.0
75 , 25 , 225 , 62.0
75 , 36 , 166 , 62.0
75 , 47 , 107 , 62.0
75 , 58 , 48 , 62.0
75 , 74 , 244 , 93.0
75 , 85 , 185 , 93.0
75 , 96 , 126 , 93.0
75 , 107 , 67 , 93.0
75 , 134 , 204 , 124.0
75 , 145 , 145 , 124.0
75 , 156 , 86 , 124.0
75 , 167 , 27 , 124.0
75 , 183 , 223 , 155.0
75 , 205 , 105 , 155.0
75 , 216 , 46 , 155.0
75 , 232 , 242 , 186.0
75 , 243 , 183 , 186.0
75 , 254 , 124 , 186.0
76 , 7 , 37 , 31.0
76 , 23 , 233 , 62.0
76 , 34 , 174 , 62.0
76 , 56 , 56 , 62.0
76 , 72 , 252 , 93.0
76 , 83 , 193 , 93.0
76 , 105 , 75 , 93.0
76 , 116 , 16 , 93.0
76 , 132 , 212 , 124.0
76 , 154 , 94 , 124.0
76 , 181 , 231 , 155.0
76 , 192 , 172 , 155.0
76 , 203 , 113 , 155.0
76 , 214 , 54 , 155.0
76 , 230 , 250 , 186.0
76 , 241 , 191 , 186.0
76 , 252 , 132 , 186.0
77 , 21 , 241 , 62.0
77 , 32 , 182 , 62.0
77 , 43 , 123 , 62.0
77 , 65 , 5 , 62.0
77 , 81 , 201 , 93.0
77 , 92 , 142 , 93.0
77 , 130 , 220 , 124.0
77 , 141 , 161 , 124.0
77 , 163 , 43 , 124.0
77 , 179 , 239 , 155.0
77 , 190 , 180 , 155.0
77 , 201 , 121 , 155.0
77 , 212 , 62 , 155.0
77 , 223 , 3 , 155.0
77 , 239 , 199 , 186.0
77 , 250 , 140 , 186.0
78 , 3 , 53 , 31.0
78 , 19 , 249 , 62.0
78 , 41 , 131 , 62.0
78 , 52 , 72 , 62.0
78 , 90 , 150 , 93.0
78 , 101 , 91 , 93.0
78 , 139 , 169 , 124.0
78 , 150 , 110 , 124.0
78 , 177 , 247 , 155.0
78 , 188 , 188 , 155.0
78 , 199 , 129 , 155.0
78 , 221 , 11 , 155.0
78 , 237 , 207 , 186.0
78 , 248 , 148 , 186.0
79 , 1 , 61 , 31.0
79 , 12 , 2 , 31.0
79 , 28 , 198 , 62.0
79 , 50 , 80 , 62.0
79 , 61 , 21 , 62.0
79 , 77 , 217 , 93.0
79 , 99 , 99 , 93.0
79 , 110 , 40 , 93.0
79 , 126 , 236 , 124.0
79 , 137 , 177 , 124.0
79 , 148 , 118 , 124.0
79 , 170 , 0 , 124.0
79 , 175 , 255 , 155.0
79 , 186 , 196 , 155.0
79 , 208 , 78 , 155.0
79 , 235 , 215 , 186.0
80 , 10 , 10 , 31.0
80 , 26 , 206 , 62.0
80 , 37 , 147 , 62.0
80 , 48 , 88 , 62.0
80 , 75 , 225 , 93.0
80 , 86 , 166 , 93.0
80 , 108 , 48 , 93.0
80 , 124 , 244 , 124.0
80 , 135 , 185 , 124.0
80 , 146 , 126 , 124.0
80 , 157 , 67 , 124.0
80 , 184 , 204 , 155.0
80 , 195 , 145 , 155.0
80 , 206 , 86 , 155.0
80 , 217 , 27 , 155.0
80 , 233 , 223 , 186.0
80 , 255 , 105 , 186.0
81 , 8 , 18 , 31.0
81 , 24 , 214 , 62.0
81 , 35 , 155 , 62.0
81 , 46 , 96 , 62.0
81 , 73 , 233 , 93.0
81 , 84 , 174 , 93.0
81 , 95 , 115 , 93.0
81 , 106 , 56 , 93.0
81 , 133 , 193 , 124.0
81 , 166 , 16 , 124.0
81 , 182 , 212 , 155.0
81 , 193 , 153 , 155.0
81 , 204 , 94 , 155.0
81 , 215 , 35 , 155.0
81 , 231 , 231 , 186.0
81 , 242 , 172 , 186.0
81 , 253 , 113 , 186.0
82 , 22 , 222 , 62.0
82 , 55 , 45 , 62.0
82 , 71 , 241 , 93.0
82 , 93 , 123 , 93.0
82 , 104 , 64 , 93.0
82 , 142 , 142 , 124.0
82 , 191 , 161 , 155.0
82 , 202 , 102 , 155.0
82 , 240 , 180 , 186.0
82 , 251 , 121 , 186.0
83 , 4 , 34 , 31.0
83 , 20 , 230 , 62.0
83 , 31 , 171 , 62.0
83 , 53 , 53 , 62.0
83 , 69 , 249 , 93.0
83 , 80 , 190 , 93.0
83 , 91 , 131 , 93.0
83 , 102 , 72 , 93.0
83 , 113 , 13 , 93.0
83 , 140 , 150 , 124.0
83 , 178 , 228 , 155.0
83 , 189 , 169 , 155.0
83 , 200 , 110 , 155.0
83 , 211 , 51 , 155.0
83 , 227 , 247 , 186.0
83 , 238 , 188 , 186.0
83 , 249 , 129 , 186.0
84 , 2 , 42 , 31.0
84 , 18 , 238 , 62.0
84 , 29 , 179 , 62.0
84 , 40 , 120 , 62.0
84 , 51 , 61 , 62.0
84 , 62 , 2 , 62.0
84 , 78 , 198 , 93.0
84 , 89 , 139 , 93.0
84 , 100 , 80 , 93.0
84 , 111 , 21 , 93.0
84 , 127 , 217 , 124.0
84 , 138 , 158 , 124.0
84 , 149 , 99 , 124.0
84 , 160 , 40 , 124.0
84 , 176 , 236 , 155.0
84 , 187 , 177 , 155.0
84 , 209 , 59 , 155.0
84 , 225 , 255 , 186.0
85 , 0 , 50 , 31.0
85 , 16 , 246 , 62.0
85 , 27 , 187 , 62.0
85 , 38 , 128 , 62.0
85 , 49 , 69 , 62.0
85 , 60 , 10 , 62.0
85 , 76 , 206 , 93.0
85 , 87 , 147 , 93.0
85 , 98 , 88 , 93.0
85 , 109 , 29 , 93.0
85 , 125 , 225 , 124.0
85 , 136 , 166 , 124.0
85 , 158 , 48 , 124.0
85 , 174 , 244 , 155.0
85 , 196 , 126 , 155.0
85 , 207 , 67 , 155.0
85 , 218 , 8 , 155.0
85 , 234 , 204 , 186.0
86 , 14 , 254 , 62.0
86 , 25 , 195 , 62.0
86 , 36 , 136 , 62.0
86 , 47 , 77 , 62.0
86 , 74 , 214 , 93.0
86 , 85 , 155 , 93.0
86 , 96 , 96 , 93.0
86 , 107 , 37 , 93.0
86 , 134 , 174 , 124.0
86 , 145 , 115 , 124.0
86 , 172 , 252 , 155.0
86 , 183 , 193 , 155.0
86 , 194 , 134 , 155.0
86 , 205 , 75 , 155.0
86 , 216 , 16 , 155.0
86 , 232 , 212 , 186.0
86 , 254 , 94 , 186.0
87 , 23 , 203 , 62.0
87 , 34 , 144 , 62.0
87 , 56 , 26 , 62.0
87 , 72 , 222 , 93.0
87 , 83 , 163 , 93.0
87 , 105 , 45 , 93.0
87 , 121 , 241 , 124.0
87 , 154 , 64 , 124.0
87 , 181 , 201 , 155.0
87 , 192 , 142 , 155.0
87 , 203 , 83 , 155.0
87 , 241 , 161 , 186.0
88 , 21 , 211 , 62.0
88 , 32 , 152 , 62.0
88 , 43 , 93 , 62.0
88 , 54 , 34 , 62.0
88 , 81 , 171 , 93.0
88 , 92 , 112 , 93.0
88 , 130 , 190 , 124.0
88 , 141 , 131 , 124.0
88 , 163 , 13 , 124.0
88 , 179 , 209 , 155.0
88 , 190 , 150 , 155.0
88 , 212 , 32 , 155.0
88 , 228 , 228 , 186.0
88 , 239 , 169 , 186.0
88 , 250 , 110 , 186.0
89 , 3 , 23 , 31.0
89 , 19 , 219 , 62.0
89 , 30 , 160 , 62.0
89 , 41 , 101 , 62.0
89 , 68 , 238 , 93.0
89 , 79 , 179 , 93.0
89 , 90 , 120 , 93.0
89 , 112 , 2 , 93.0
89 , 128 , 198 , 124.0
89 , 139 , 139 , 124.0
89 , 150 , 80 , 124.0
89 , 161 , 21 , 124.0
89 , 177 , 217 , 155.0
89 , 199 , 99 , 155.0
89 , 210 , 40 , 155.0
89 , 226 , 236 , 186.0
90 , 1 , 31 , 31.0
90 , 17 , 227 , 62.0
90 , 28 , 168 , 62.0
90 , 39 , 109 , 62.0
90 , 50 , 50 , 62.0
90 , 66 , 246 , 93.0
90 , 77 , 187 , 93.0
90 , 99 , 69 , 93.0
90 , 137 , 147 , 124.0
90 , 148 , 88 , 124.0
90 , 175 , 225 , 155.0
90 , 186 , 166 , 155.0
90 , 197 , 107 , 155.0
90 , 208 , 48 , 155.0
90 , 224 , 244 , 186.0
90 , 235 , 185 , 186.0
90 , 246 , 126 , 186.0
91 , 15 , 235 , 62.0
91 , 26 , 176 , 62.0
91 , 64 , 254 , 93.0
91 , 75 , 195 , 93.0
91 , 86 , 136 , 93.0
91 , 97 , 77 , 93.0
91 , 108 , 18 , 93.0
91 , 124 , 214 , 124.0
91 , 146 , 96 , 124.0
91 , 157 , 37 , 124.0
91 , 173 , 233 , 155.0
91 , 184 , 174 , 155.0
91 , 195 , 115 , 155.0
91 , 206 , 56 , 155.0
91 , 222 , 252 , 186.0
91 , 233 , 193 , 186.0
91 , 244 , 134 , 186.0
91 , 255 , 75 , 186.0
92 , 13 , 243 , 62.0
92 , 24 , 184 , 62.0
92 , 35 , 125 , 62.0
92 , 73 , 203 , 93.0
92 , 84 , 144 , 93.0
92 , 106 , 26 , 93.0
92 , 133 , 163 , 124.0
92 , 171 , 241 , 155.0
92 , 182 , 182 , 155.0
92 , 193 , 123 , 155.0
92 , 204 , 64 , 155.0
92 , 215 , 5 , 155.0
92 , 231 , 201 , 186.0
92 , 242 , 142 , 186.0
93 , 11 , 251 , 62.0
93 , 22 , 192 , 62.0
93 , 33 , 133 , 62.0
93 , 44 , 74 , 62.0
93 , 71 , 211 , 93.0
93 , 82 , 152 , 93.0
93 , 93 , 93 , 93.0
93 , 131 , 171 , 124.0
93 , 142 , 112 , 124.0
93 , 169 , 249 , 155.0
93 , 180 , 190 , 155.0
93 , 191 , 131 , 155.0
93 , 213 , 13 , 155.0
93 , 229 , 209 , 186.0
93 , 240 , 150 , 186.0
93 , 251 , 91 , 186.0
94 , 4 , 4 , 31.0
94 , 20 , 200 , 62.0
94 , 42 , 82 , 62.0
94 , 53 , 23 , 62.0
94 , 69 , 219 , 93.0
94 , 80 , 160 , 93.0
94 , 91 , 101 , 93.0
94 , 102 , 42 , 93.0
94 , 118 , 238 , 124.0
94 , 129 , 179 , 124.0
94 , 140 , 120 , 124.0
94 , 162 , 2 , 124.0
94 , 178 , 198 , 155.0
94 , 200 , 80 , 155.0
94 , 211 , 21 , 155.0
94 , 227 , 217 , 186.0
94 , 249 , 99 , 186.0
95 , 2 , 12 , 31.0
95 , 18 , 208 , 62.0
95 , 29 , 149 , 62.0
95 , 51 , 31 , 62.0
95 , 67 , 227 , 93.0
95 , 78 , 168 , 93.0
95 , 100 , 50 , 93.0
95 , 116 , 246 , 124.0
95 , 127 , 187 , 124.0
95 , 138 , 128 , 124.0
95 , 149 , 69 , 124.0
95 , 187 , 147 , 155.0
95 , 198 , 88 , 155.0
95 , 209 , 29 , 155.0
95 , 225 , 225 , 186.0
95 , 247 , 107 , 186.0
96 , 16 , 216 , 62.0
96 , 27 , 157 , 62.0
96 , 38 , 98 , 62.0
96 , 65 , 235 , 93.0
96 , 87 , 117 , 93.0
96 , 98 , 58 , 93.0
96 , 125 , 195 , 124.0
96 , 136 , 136 , 124.0
96 , 158 , 18 , 124.0
96 , 185 , 155 , 155.0
96 , 196 , 96 , 155.0
96 , 207 , 37 , 155.0
96 , 223 , 233 , 186.0
96 , 234 , 174 , 186.0
97 , 14 , 224 , 62.0
97 , 36 , 106 , 62.0
97 , 47 , 47 , 62.0
97 , 63 , 243 , 93.0
97 , 85 , 125 , 93.0
97 , 96 , 66 , 93.0
97 , 134 , 144 , 124.0
97 , 172 , 222 , 155.0
97 , 183 , 163 , 155.0
97 , 194 , 104 , 155.0
97 , 232 , 182 , 186.0
97 , 243 , 123 , 186.0
98 , 12 , 232 , 62.0
98 , 23 , 173 , 62.0
98 , 72 , 192 , 93.0
98 , 83 , 133 , 93.0
98 , 105 , 15 , 93.0
98 , 121 , 211 , 124.0
98 , 132 , 152 , 124.0
98 , 170 , 230 , 155.0
98 , 181 , 171 , 155.0
98 , 192 , 112 , 155.0
98 , 203 , 53 , 155.0
98 , 219 , 249 , 186.0
98 , 230 , 190 , 186.0
98 , 241 , 131 , 186.0
99 , 10 , 240 , 62.0
99 , 21 , 181 , 62.0
99 , 32 , 122 , 62.0
99 , 54 , 4 , 62.0
99 , 70 , 200 , 93.0
99 , 81 , 141 , 93.0
99 , 103 , 23 , 93.0
99 , 119 , 219 , 124.0
99 , 130 , 160 , 124.0
99 , 141 , 101 , 124.0
99 , 152 , 42 , 124.0
99 , 168 , 238 , 155.0
99 , 179 , 179 , 155.0
99 , 201 , 61 , 155.0
99 , 212 , 2 , 155.0
99 , 250 , 80 , 186.0
100 , 8 , 248 , 62.0
100 , 19 , 189 , 62.0
100 , 30 , 130 , 62.0
100 , 41 , 71 , 62.0
100 , 52 , 12 , 62.0
100 , 68 , 208 , 93.0
100 , 79 , 149 , 93.0
100 , 90 , 90 , 93.0
100 , 101 , 31 , 93.0
100 , 117 , 227 , 124.0
100 , 128 , 168 , 124.0
100 , 150 , 50 , 124.0
100 , 166 , 246 , 155.0
100 , 177 , 187 , 155.0
100 , 188 , 128 , 155.0
100 , 199 , 69 , 155.0
100 , 226 , 206 , 186.0
100 , 237 , 147 , 186.0
100 , 248 , 88 , 186.0
101 , 17 , 197 , 62.0
101 , 50 , 20 , 62.0
101 , 66 , 216 , 93.0
101 , 88 , 98 , 93.0
101 , 99 , 39 , 93.0
101 , 115 , 235 , 124.0
101 , 137 , 117 , 124.0
101 , 164 , 254 , 155.0
101 , 175 , 195 , 155.0
101 , 186 , 136 , 155.0
101 , 235 , 155 , 186.0
101 , 246 , 96 , 186.0
102 , 15 , 205 , 62.0
102 , 26 , 146 , 62.0
102 , 48 , 28 , 62.0
102 , 64 , 224 , 93.0
102 , 75 , 165 , 93.0
102 , 97 , 47 , 93.0
102 , 113 , 243 , 124.0
102 , 146 , 66 , 124.0
102 , 173 , 203 , 155.0
102 , 184 , 144 , 155.0
102 , 195 , 85 , 155.0
102 , 206 , 26 , 155.0
102 , 222 , 222 , 186.0
102 , 233 , 163 , 186.0
103 , 13 , 213 , 62.0
103 , 24 , 154 , 62.0
103 , 35 , 95 , 62.0
103 , 73 , 173 , 93.0
103 , 84 , 114 , 93.0
103 , 122 , 192 , 124.0
103 , 133 , 133 , 124.0
103 , 155 , 15 , 124.0
103 , 171 , 211 , 155.0
103 , 182 , 152 , 155.0
103 , 204 , 34 , 155.0
103 , 220 , 230 , 186.0
103 , 231 , 171 , 186.0
103 , 242 , 112 , 186.0
103 , 253 , 53 , 186.0
104 , 11 , 221 , 62.0
104 , 22 , 162 , 62.0
104 , 33 , 103 , 62.0
104 , 44 , 44 , 62.0
104 , 60 , 240 , 93.0
104 , 71 , 181 , 93.0
104 , 82 , 122 , 93.0
104 , 93 , 63 , 93.0
104 , 104 , 4 , 93.0
104 , 120 , 200 , 124.0
104 , 131 , 141 , 124.0
104 , 142 , 82 , 124.0
104 , 153 , 23 , 124.0
104 , 169 , 219 , 155.0
104 , 191 , 101 , 155.0
104 , 202 , 42 , 155.0
104 , 218 , 238 , 186.0
104 , 251 , 61 , 186.0
105 , 9 , 229 , 62.0
105 , 20 , 170 , 62.0
105 , 31 , 111 , 62.0
105 , 42 , 52 , 62.0
105 , 58 , 248 , 93.0
105 , 69 , 189 , 93.0
105 , 91 , 71 , 93.0
105 , 102 , 12 , 93.0
105 , 129 , 149 , 124.0
105 , 140 , 90 , 124.0
105 , 167 , 227 , 155.0
105 , 189 , 109 , 155.0
105 , 200 , 50 , 155.0
105 , 216 , 246 , 186.0
105 , 227 , 187 , 186.0
105 , 238 , 128 , 186.0
105 , 249 , 69 , 186.0
106 , 7 , 237 , 62.0
106 , 18 , 178 , 62.0
106 , 29 , 119 , 62.0
106 , 51 , 1 , 62.0
106 , 67 , 197 , 93.0
106 , 78 , 138 , 93.0
106 , 89 , 79 , 93.0
106 , 100 , 20 , 93.0
106 , 116 , 216 , 124.0
106 , 138 , 98 , 124.0
106 , 149 , 39 , 124.0
106 , 176 , 176 , 155.0
106 , 187 , 117 , 155.0
106 , 198 , 58 , 155.0
106 , 214 , 254 , 186.0
106 , 225 , 195 , 186.0
107 , 5 , 245 , 62.0
107 , 16 , 186 , 62.0
107 , 27 , 127 , 62.0
107 , 38 , 68 , 62.0
107 , 65 , 205 , 93.0
107 , 76 , 146 , 93.0
107 , 87 , 87 , 93.0
107 , 98 , 28 , 93.0
107 , 125 , 165 , 124.0
107 , 136 , 106 , 124.0
107 , 163 , 243 , 155.0
107 , 174 , 184 , 155.0
107 , 185 , 125 , 155.0
107 , 196 , 66 , 155.0
107 , 207 , 7 , 155.0
107 , 223 , 203 , 186.0
107 , 234 , 144 , 186.0
108 , 3 , 253 , 62.0
108 , 14 , 194 , 62.0
108 , 25 , 135 , 62.0
108 , 36 , 76 , 62.0
108 , 63 , 213 , 93.0
108 , 74 , 154 , 93.0
108 , 85 , 95 , 93.0
108 , 123 , 173 , 124.0
108 , 161 , 251 , 155.0
108 , 172 , 192 , 155.0
108 , 183 , 133 , 155.0
108 , 194 , 74 , 155.0
108 , 205 , 15 , 155.0
108 , 221 , 211 , 186.0
108 , 232 , 152 , 186.0
108 , 243 , 93 , 186.0
108 , 254 , 34 , 186.0
109 , 23 , 143 , 62.0
109 , 61 , 221 , 93.0
109 , 72 , 162 , 93.0
109 , 94 , 44 , 93.0
109 , 110 , 240 , 124.0
109 , 121 , 181 , 124.0
109 , 143 , 63 , 124.0
109 , 154 , 4 , 124.0
109 , 170 , 200 , 155.0
109 , 192 , 82 , 155.0
109 , 203 , 23 , 155.0
109 , 241 , 101 , 186.0
110 , 10 , 210 , 62.0
110 , 21 , 151 , 62.0
110 , 43 , 33 , 62.0
110 , 59 , 229 , 93.0
110 , 70 , 170 , 93.0
110 , 81 , 111 , 93.0
110 , 92 , 52 , 93.0
110 , 108 , 248 , 124.0
110 , 119 , 189 , 124.0
110 , 130 , 130 , 124.0
110 , 141 , 71 , 124.0
110 , 168 , 208 , 155.0
110 , 179 , 149 , 155.0
110 , 190 , 90 , 155.0
110 , 217 , 227 , 186.0
110 , 239 , 109 , 186.0
110 , 250 , 50 , 186.0
111 , 8 , 218 , 62.0
111 , 19 , 159 , 62.0
111 , 30 , 100 , 62.0
111 , 57 , 237 , 93.0
111 , 79 , 119 , 93.0
111 , 117 , 197 , 124.0
111 , 128 , 138 , 124.0
111 , 150 , 20 , 124.0
111 , 166 , 216 , 155.0
111 , 177 , 157 , 155.0
111 , 226 , 176 , 186.0
111 , 237 , 117 , 186.0
111 , 248 , 58 , 186.0
112 , 6 , 226 , 62.0
112 , 17 , 167 , 62.0
112 , 39 , 49 , 62.0
112 , 55 , 245 , 93.0
112 , 66 , 186 , 93.0
112 , 77 , 127 , 93.0
112 , 88 , 68 , 93.0
112 , 126 , 146 , 124.0
112 , 137 , 87 , 124.0
112 , 164 , 224 , 155.0
112 , 175 , 165 , 155.0
112 , 186 , 106 , 155.0
112 , 224 , 184 , 186.0
112 , 235 , 125 , 186.0
113 , 4 , 234 , 62.0
113 , 15 , 175 , 62.0
113 , 37 , 57 , 62.0
113 , 53 , 253 , 93.0
113 , 64 , 194 , 93.0
113 , 75 , 135 , 93.0
113 , 97 , 17 , 93.0
113 , 113 , 213 , 124.0
113 , 124 , 154 , 124.0
113 , 162 , 232 , 155.0
113 , 173 , 173 , 155.0
113 , 195 , 55 , 155.0
113 , 211 , 251 , 186.0
113 , 222 , 192 , 186.0
113 , 233 , 133 , 186.0
113 , 244 , 74 , 186.0
113 , 255 , 15 , 186.0
114 , 2 , 242 , 62.0
114 , 13 , 183 , 62.0
114 , 24 , 124 , 62.0
114 , 62 , 202 , 93.0
114 , 73 , 143 , 93.0
114 , 95 , 25 , 93.0
114 , 111 , 221 , 124.0
114 , 144 , 44 , 124.0
114 , 160 , 240 , 155.0
114 , 171 , 181 , 155.0
114 , 193 , 63 , 155.0
114 , 204 , 4 , 155.0
114 , 242 , 82 , 186.0
115 , 0 , 250 , 62.0
115 , 11 , 191 , 62.0
115 , 22 , 132 , 62.0
115 , 33 , 73 , 62.0
115 , 60 , 210 , 93.0
115 , 71 , 151 , 93.0
115 , 82 , 92 , 93.0
115 , 93 , 33 , 93.0
115 , 109 , 229 , 124.0
115 , 120 , 170 , 124.0
115 , 131 , 111 , 124.0
115 , 142 , 52 , 124.0
115 , 158 , 248 , 155.0
115 , 180 , 130 , 155.0
115 , 191 , 71 , 155.0
115 , 202 , 12 , 155.0
115 , 218 , 208 , 186.0
115 , 229 , 149 , 186.0
115 , 240 , 90 , 186.0
115 , 251 , 31 , 186.0
116 , 9 , 199 , 62.0
116 , 31 , 81 , 62.0
116 , 42 , 22 , 62.0
116 , 58 , 218 , 93.0
116 , 80 , 100 , 93.0
116 , 91 , 41 , 93.0
116 , 107 , 237 , 124.0
116 , 129 , 119 , 124.0
116 , 167 , 197 , 155.0
116 , 178 , 138 , 155.0
116 , 189 , 79 , 155.0
116 , 200 , 20 , 155.0
116 , 216 , 216 , 186.0
117 , 7 , 207 , 62.0
117 , 18 , 148 , 62.0
117 , 29 , 89 , 62.0
117 , 40 , 30 , 62.0
117 , 56 , 226 , 93.0
117 , 67 , 167 , 93.0
117 , 78 , 108 , 93.0
117 , 89 , 49 , 93.0
117 , 105 , 245 , 124.0
117 , 116 , 186 , 124.0
117 , 127 , 127 , 124.0
117 , 165 , 205 , 155.0
117 , 176 , 146 , 155.0
117 , 187 , 87 , 155.0
117 , 198 , 28 , 155.0
117 , 214 , 224 , 186.0
117 , 225 , 165 , 186.0
118 , 5 , 215 , 62.0
118 , 16 , 156 , 62.0
118 , 27 , 97 , 62.0
118 , 65 , 175 , 93.0
118 , 76 , 116 , 93.0
118 , 114 , 194 , 124.0
118 , 125 , 135 , 124.0
118 , 147 , 17 , 124.0
118 , 163 , 213 , 155.0
118 , 174 , 154 , 155.0
118 , 196 , 36 , 155.0
118 , 212 , 232 , 186.0
118 , 223 , 173 , 186.0
118 , 234 , 114 , 186.0
118 , 245 , 55 , 186.0
119 , 3 , 223 , 62.0
119 , 25 , 105 , 62.0
119 , 36 , 46 , 62.0
119 , 52 , 242 , 93.0
119 , 85 , 65 , 93.0
119 , 96 , 6 , 93.0
119 , 112 , 202 , 124.0
119 , 145 , 25 , 124.0
119 , 161 , 221 , 155.0
119 , 183 , 103 , 155.0
119 , 194 , 44 , 155.0
119 , 210 , 240 , 186.0
119 , 243 , 63 , 186.0
120 , 1 , 231 , 62.0
120 , 12 , 172 , 62.0
120 , 23 , 113 , 62.0
120 , 34 , 54 , 62.0
120 , 50 , 250 , 93.0
120 , 61 , 191 , 93.0
120 , 83 , 73 , 93.0
120 , 94 , 14 , 93.0
120 , 110 , 210 , 124.0
120 , 121 , 151 , 124.0
120 , 132 , 92 , 124.0
120 , 159 , 229 , 155.0
120 , 170 , 170 , 155.0
120 , 181 , 111 , 155.0
120 , 192 , 52 , 155.0
120 , 208 , 248 , 186.0
120 , 230 , 130 , 186.0
120 , 241 , 71 , 186.0
121 , 10 , 180 , 62.0
121 , 21 , 121 , 62.0
121 , 70 , 140 , 93.0
121 , 81 , 81 , 93.0
121 , 108 , 218 , 124.0
121 , 130 , 100 , 124.0
121 , 141 , 41 , 124.0
121 , 157 , 237 , 155.0
121 , 168 , 178 , 155.0
121 , 179 , 119 , 155.0
121 , 201 , 1 , 155.0
121 , 217 , 197 , 186.0
121 , 228 , 138 , 186.0
121 , 239 , 79 , 186.0
121 , 250 , 20 , 186.0
122 , 8 , 188 , 62.0
122 , 19 , 129 , 62.0
122 , 30 , 70 , 62.0
122 , 41 , 11 , 62.0
122 , 68 , 148 , 93.0
122 , 106 , 226 , 124.0
122 , 117 , 167 , 124.0
122 , 128 , 108 , 124.0
122 , 166 , 186 , 155.0
122 , 177 , 127 , 155.0
122 , 199 , 9 , 155.0
122 , 215 , 205 , 186.0
122 , 226 , 146 , 186.0
122 , 248 , 28 , 186.0
123 , 6 , 196 , 62.0
123 , 17 , 137 , 62.0
123 , 28 , 78 , 62.0
123 , 39 , 19 , 62.0
123 , 55 , 215 , 93.0
123 , 66 , 156 , 93.0
123 , 77 , 97 , 93.0
123 , 88 , 38 , 93.0
123 , 115 , 175 , 124.0
123 , 153 , 253 , 155.0
123 , 164 , 194 , 155.0
123 , 175 , 135 , 155.0
123 , 186 , 76 , 155.0
123 , 197 , 17 , 155.0
123 , 213 , 213 , 186.0
123 , 224 , 154 , 186.0
123 , 235 , 95 , 186.0
123 , 246 , 36 , 186.0
124 , 4 , 204 , 62.0
124 , 15 , 145 , 62.0
124 , 53 , 223 , 93.0
124 , 64 , 164 , 93.0
124 , 86 , 46 , 93.0
124 , 102 , 242 , 124.0
124 , 113 , 183 , 124.0
124 , 135 , 65 , 124.0
124 , 146 , 6 , 124.0
124 , 162 , 202 , 155.0
124 , 184 , 84 , 155.0
124 , 195 , 25 , 155.0
124 , 211 , 221 , 186.0
124 , 233 , 103 , 186.0
125 , 2 , 212 , 62.0
125 , 13 , 153 , 62.0
125 , 24 , 94 , 62.0
125 , 35 , 35 , 62.0
125 , 51 , 231 , 93.0
125 , 62 , 172 , 93.0
125 , 73 , 113 , 93.0
125 , 84 , 54 , 93.0
125 , 100 , 250 , 124.0
125 , 111 , 191 , 124.0
125 , 133 , 73 , 124.0
125 , 144 , 14 , 124.0
125 , 171 , 151 , 155.0
125 , 182 , 92 , 155.0
125 , 193 , 33 , 155.0
125 , 209 , 229 , 186.0
125 , 231 , 111 , 186.0
125 , 242 , 52 , 186.0
126 , 0 , 220 , 62.0
126 , 11 , 161 , 62.0
126 , 33 , 43 , 62.0
126 , 49 , 239 , 93.0
126 , 71 , 121 , 93.0
126 , 82 , 62 , 93.0
126 , 109 , 199 , 124.0
126 , 120 , 140 , 124.0
126 , 142 , 22 , 124.0
126 , 169 , 159 , 155.0
126 , 180 , 100 , 155.0
126 , 191 , 41 , 155.0
126 , 207 , 237 , 186.0
126 , 251 , 1 , 186.0
127 , 9 , 169 , 62.0
127 , 20 , 110 , 62.0
127 , 31 , 51 , 62.0
127 , 47 , 247 , 93.0
127 , 58 , 188 , 93.0
127 , 69 , 129 , 93.0
127 , 80 , 70 , 93.0
127 , 118 , 148 , 124.0
127 , 156 , 226 , 155.0
127 , 167 , 167 , 155.0
127 , 178 , 108 , 155.0
127 , 216 , 186 , 186.0
127 , 227 , 127 , 186.0
127 , 249 , 9 , 186.0
128 , 7 , 177 , 62.0
128 , 18 , 118 , 62.0
128 , 29 , 59 , 62.0
128 , 40 , 0 , 62.0
128 , 56 , 196 , 93.0
128 , 67 , 137 , 93.0
128 , 89 , 19 , 93.0
128 , 105 , 215 , 124.0
128 , 116 , 156 , 124.0
128 , 138 , 38 , 124.0
128 , 154 , 234 , 155.0
128 , 165 , 175 , 155.0
128 , 187 , 57 , 155.0
128 , 203 , 253 , 186.0
128 , 214 , 194 , 186.0
128 , 225 , 135 , 186.0
128 , 236 , 76 , 186.0
128 , 247 , 17 , 186.0
129 , 5 , 185 , 62.0
129 , 54 , 204 , 93.0
129 , 65 , 145 , 93.0
129 , 76 , 86 , 93.0
129 , 87 , 27 , 93.0
129 , 103 , 223 , 124.0
129 , 136 , 46 , 124.0
129 , 152 , 242 , 155.0
129 , 163 , 183 , 155.0
129 , 174 , 124 , 155.0
129 , 185 , 65 , 155.0
129 , 196 , 6 , 155.0
129 , 212 , 202 , 186.0
129 , 234 , 84 , 186.0
130 , 3 , 193 , 62.0
130 , 14 , 134 , 62.0
130 , 25 , 75 , 62.0
130 , 52 , 212 , 93.0
130 , 74 , 94 , 93.0
130 , 85 , 35 , 93.0
130 , 101 , 231 , 124.0
130 , 112 , 172 , 124.0
130 , 123 , 113 , 124.0
130 , 134 , 54 , 124.0
130 , 150 , 250 , 155.0
130 , 161 , 191 , 155.0
130 , 172 , 132 , 155.0
130 , 183 , 73 , 155.0
130 , 221 , 151 , 186.0
130 , 232 , 92 , 186.0
130 , 243 , 33 , 186.0
131 , 1 , 201 , 62.0
131 , 23 , 83 , 62.0
131 , 34 , 24 , 62.0
131 , 50 , 220 , 93.0
131 , 61 , 161 , 93.0
131 , 72 , 102 , 93.0
131 , 83 , 43 , 93.0
131 , 99 , 239 , 124.0
131 , 121 , 121 , 124.0
131 , 132 , 62 , 124.0
131 , 159 , 199 , 155.0
131 , 170 , 140 , 155.0
131 , 219 , 159 , 186.0
131 , 230 , 100 , 186.0
131 , 241 , 41 , 186.0
132 , 10 , 150 , 62.0
132 , 21 , 91 , 62.0
132 , 48 , 228 , 93.0
132 , 59 , 169 , 93.0
132 , 70 , 110 , 93.0
132 , 81 , 51 , 93.0
132 , 97 , 247 , 124.0
132 , 108 , 188 , 124.0
132 , 119 , 129 , 124.0
132 , 157 , 207 , 155.0
132 , 168 , 148 , 155.0
132 , 179 , 89 , 155.0
132 , 190 , 30 , 155.0
132 , 206 , 226 , 186.0
132 , 217 , 167 , 186.0
133 , 8 , 158 , 62.0
133 , 19 , 99 , 62.0
133 , 46 , 236 , 93.0
133 , 57 , 177 , 93.0
133 , 68 , 118 , 93.0
133 , 90 , 0 , 93.0
133 , 106 , 196 , 124.0
133 , 117 , 137 , 124.0
133 , 139 , 19 , 124.0
133 , 155 , 215 , 155.0
133 , 166 , 156 , 155.0
133 , 188 , 38 , 155.0
133 , 204 , 234 , 186.0
133 , 215 , 175 , 186.0
133 , 226 , 116 , 186.0
133 , 237 , 57 , 186.0
133 , 253 , 253 , 217.0
134 , 6 , 166 , 62.0
134 , 17 , 107 , 62.0
134 , 28 , 48 , 62.0
134 , 44 , 244 , 93.0
134 , 55 , 185 , 93.0
134 , 77 , 67 , 93.0
134 , 104 , 204 , 124.0
134 , 126 , 86 , 124.0
134 , 137 , 27 , 124.0
134 , 153 , 223 , 155.0
134 , 175 , 105 , 155.0
134 , 186 , 46 , 155.0
134 , 202 , 242 , 186.0
134 , 224 , 124 , 186.0
134 , 235 , 65 , 186.0
135 , 4 , 174 , 62.0
135 , 15 , 115 , 62.0
135 , 26 , 56 , 62.0
135 , 42 , 252 , 93.0
135 , 53 , 193 , 93.0
135 , 75 , 75 , 93.0
135 , 86 , 16 , 93.0
135 , 102 , 212 , 124.0
135 , 113 , 153 , 124.0
135 , 124 , 94 , 124.0
135 , 162 , 172 , 155.0
135 , 173 , 113 , 155.0
135 , 184 , 54 , 155.0
135 , 200 , 250 , 186.0
135 , 211 , 191 , 186.0
135 , 222 , 132 , 186.0
135 , 233 , 73 , 186.0
136 , 2 , 182 , 62.0
136 , 13 , 123 , 62.0
136 , 51 , 201 , 93.0
136 , 62 , 142 , 93.0
136 , 73 , 83 , 93.0
136 , 100 , 220 , 124.0
136 , 111 , 161 , 124.0
136 , 133 , 43 , 124.0
136 , 160 , 180 , 155.0
136 , 171 , 121 , 155.0
136 , 182 , 62 , 155.0
136 , 193 , 3 , 155.0
136 , 209 , 199 , 186.0
137 , 0 , 190 , 62.0
137 , 11 , 131 , 62.0
137 , 22 , 72 , 62.0
137 , 33 , 13 , 62.0
137 , 49 , 209 , 93.0
137 , 60 , 150 , 93.0
137 , 98 , 228 , 124.0
137 , 109 , 169 , 124.0
137 , 120 , 110 , 124.0
137 , 147 , 247 , 155.0
137 , 158 , 188 , 155.0
137 , 169 , 129 , 155.0
137 , 191 , 11 , 155.0
137 , 207 , 207 , 186.0
137 , 218 , 148 , 186.0
137 , 240 , 30 , 186.0
138 , 9 , 139 , 62.0
138 , 20 , 80 , 62.0
138 , 31 , 21 , 62.0
138 , 47 , 217 , 93.0
138 , 58 , 158 , 93.0
138 , 69 , 99 , 93.0
138 , 80 , 40 , 93.0
138 , 96 , 236 , 124.0
138 , 107 , 177 , 124.0
138 , 140 , 0 , 124.0
138 , 145 , 255 , 155.0
138 , 156 , 196 , 155.0
138 , 167 , 137 , 155.0
138 , 178 , 78 , 155.0
138 , 189 , 19 , 155.0
138 , 205 , 215 , 186.0
138 , 216 , 156 , 186.0
138 , 227 , 97 , 186.0
138 , 238 , 38 , 186.0
138 , 254 , 234 , 217.0
139 , 7 , 147 , 62.0
139 , 45 , 225 , 93.0
139 , 56 , 166 , 93.0
139 , 78 , 48 , 93.0
139 , 94 , 244 , 124.0
139 , 105 , 185 , 124.0
139 , 127 , 67 , 124.0
139 , 138 , 8 , 124.0
139 , 154 , 204 , 155.0
139 , 176 , 86 , 155.0
139 , 187 , 27 , 155.0
139 , 203 , 223 , 186.0
139 , 225 , 105 , 186.0
140 , 5 , 155 , 62.0
140 , 16 , 96 , 62.0
140 , 27 , 37 , 62.0
140 , 43 , 233 , 93.0
140 , 54 , 174 , 93.0
140 , 65 , 115 , 93.0
140 , 76 , 56 , 93.0
140 , 92 , 252 , 124.0
140 , 103 , 193 , 124.0
140 , 125 , 75 , 124.0
140 , 136 , 16 , 124.0
140 , 152 , 212 , 155.0
140 , 174 , 94 , 155.0
140 , 212 , 172 , 186.0
140 , 223 , 113 , 186.0
140 , 234 , 54 , 186.0
140 , 250 , 250 , 217.0
141 , 3 , 163 , 62.0
141 , 25 , 45 , 62.0
141 , 41 , 241 , 93.0
141 , 63 , 123 , 93.0
141 , 74 , 64 , 93.0
141 , 112 , 142 , 124.0
141 , 134 , 24 , 124.0
141 , 150 , 220 , 155.0
141 , 161 , 161 , 155.0
141 , 210 , 180 , 186.0
141 , 221 , 121 , 186.0
141 , 232 , 62 , 186.0
142 , 1 , 171 , 62.0
142 , 12 , 112 , 62.0
142 , 23 , 53 , 62.0
142 , 39 , 249 , 93.0
142 , 50 , 190 , 93.0
142 , 61 , 131 , 93.0
142 , 72 , 72 , 93.0
142 , 83 , 13 , 93.0
142 , 110 , 150 , 124.0
142 , 148 , 228 , 155.0
142 , 159 , 169 , 155.0
142 , 170 , 110 , 155.0
142 , 181 , 51 , 155.0
142 , 197 , 247 , 186.0
142 , 208 , 188 , 186.0
142 , 241 , 11 , 186.0
143 , 10 , 120 , 62.0
143 , 21 , 61 , 62.0
143 , 32 , 2 , 62.0
143 , 48 , 198 , 93.0
143 , 59 , 139 , 93.0
143 , 81 , 21 , 93.0
143 , 97 , 217 , 124.0
143 , 108 , 158 , 124.0
143 , 130 , 40 , 124.0
143 , 146 , 236 , 155.0
143 , 157 , 177 , 155.0
143 , 179 , 59 , 155.0
143 , 190 , 0 , 155.0
143 , 195 , 255 , 186.0
143 , 206 , 196 , 186.0
143 , 217 , 137 , 186.0
143 , 228 , 78 , 186.0
143 , 239 , 19 , 186.0
143 , 255 , 215 , 217.0
144 , 19 , 69 , 62.0
144 , 68 , 88 , 93.0
144 , 79 , 29 , 93.0
144 , 95 , 225 , 124.0
144 , 106 , 166 , 124.0
144 , 128 , 48 , 124.0
144 , 144 , 244 , 155.0
144 , 166 , 126 , 155.0
144 , 177 , 67 , 155.0
144 , 204 , 204 , 186.0
144 , 226 , 86 , 186.0
145 , 6 , 136 , 62.0
145 , 17 , 77 , 62.0
145 , 44 , 214 , 93.0
145 , 66 , 96 , 93.0
145 , 77 , 37 , 93.0
145 , 93 , 233 , 124.0
145 , 104 , 174 , 124.0
145 , 115 , 115 , 124.0
145 , 142 , 252 , 155.0
145 , 164 , 134 , 155.0
145 , 175 , 75 , 155.0
145 , 186 , 16 , 155.0
145 , 202 , 212 , 186.0
145 , 213 , 153 , 186.0
145 , 224 , 94 , 186.0
145 , 235 , 35 , 186.0
145 , 251 , 231 , 217.0
146 , 4 , 144 , 62.0
146 , 15 , 85 , 62.0
146 , 26 , 26 , 62.0
146 , 42 , 222 , 93.0
146 , 53 , 163 , 93.0
146 , 64 , 104 , 93.0
146 , 75 , 45 , 93.0
146 , 91 , 241 , 124.0
146 , 113 , 123 , 124.0
146 , 124 , 64 , 124.0
146 , 151 , 201 , 155.0
146 , 162 , 142 , 155.0
146 , 173 , 83 , 155.0
146 , 200 , 220 , 186.0
146 , 211 , 161 , 186.0
147 , 2 , 152 , 62.0
147 , 13 , 93 , 62.0
147 , 40 , 230 , 93.0
147 , 51 , 171 , 93.0
147 , 62 , 112 , 93.0
147 , 73 , 53 , 93.0
147 , 89 , 249 , 124.0
147 , 100 , 190 , 124.0
147 , 111 , 131 , 124.0
147 , 133 , 13 , 124.0
147 , 149 , 209 , 155.0
147 , 160 , 150 , 155.0
147 , 171 , 91 , 155.0
147 , 182 , 32 , 155.0
147 , 198 , 228 , 186.0
147 , 209 , 169 , 186.0
147 , 231 , 51 , 186.0
147 , 247 , 247 , 217.0
148 , 0 , 160 , 62.0
148 , 11 , 101 , 62.0
148 , 38 , 238 , 93.0
148 , 49 , 179 , 93.0
148 , 60 , 120 , 93.0
148 , 82 , 2 , 93.0
148 , 98 , 198 , 124.0
148 , 131 , 21 , 124.0
148 , 147 , 217 , 155.0
148 , 158 , 158 , 155.0
148 , 169 , 99 , 155.0
148 , 180 , 40 , 155.0
148 , 196 , 236 , 186.0
148 , 207 , 177 , 186.0
148 , 218 , 118 , 186.0
148 , 229 , 59 , 186.0
148 , 240 , 0 , 186.0
148 , 245 , 255 , 217.0
149 , 9 , 109 , 62.0
149 , 36 , 246 , 93.0
149 , 47 , 187 , 93.0
149 , 69 , 69 , 93.0
149 , 96 , 206 , 124.0
149 , 118 , 88 , 124.0
149 , 129 , 29 , 124.0
149 , 145 , 225 , 155.0
149 , 167 , 107 , 155.0
149 , 178 , 48 , 155.0
149 , 194 , 244 , 186.0
149 , 216 , 126 , 186.0
149 , 227 , 67 , 186.0
150 , 7 , 117 , 62.0
150 , 18 , 58 , 62.0
150 , 34 , 254 , 93.0
150 , 45 , 195 , 93.0
150 , 56 , 136 , 93.0
150 , 67 , 77 , 93.0
150 , 78 , 18 , 93.0
150 , 94 , 214 , 124.0
150 , 116 , 96 , 124.0
150 , 127 , 37 , 124.0
150 , 143 , 233 , 155.0
150 , 154 , 174 , 155.0
150 , 165 , 115 , 155.0
150 , 192 , 252 , 186.0
150 , 214 , 134 , 186.0
150 , 225 , 75 , 186.0
151 , 5 , 125 , 62.0
151 , 27 , 7 , 62.0
151 , 54 , 144 , 93.0
151 , 65 , 85 , 93.0
151 , 103 , 163 , 124.0
151 , 125 , 45 , 124.0
151 , 141 , 241 , 155.0
151 , 152 , 182 , 155.0
151 , 163 , 123 , 155.0
151 , 185 , 5 , 155.0
151 , 201 , 201 , 186.0
151 , 212 , 142 , 186.0
151 , 223 , 83 , 186.0
151 , 234 , 24 , 186.0
151 , 250 , 220 , 217.0
152 , 14 , 74 , 62.0
152 , 25 , 15 , 62.0
152 , 41 , 211 , 93.0
152 , 52 , 152 , 93.0
152 , 63 , 93 , 93.0
152 , 101 , 171 , 124.0
152 , 112 , 112 , 124.0
152 , 139 , 249 , 155.0
152 , 150 , 190 , 155.0
152 , 161 , 131 , 155.0
152 , 183 , 13 , 155.0
152 , 199 , 209 , 186.0
152 , 210 , 150 , 186.0
152 , 232 , 32 , 186.0
152 , 248 , 228 , 217.0
153 , 1 , 141 , 62.0
153 , 12 , 82 , 62.0
153 , 23 , 23 , 62.0
153 , 39 , 219 , 93.0
153 , 50 , 160 , 93.0
153 , 72 , 42 , 93.0
153 , 88 , 238 , 124.0
153 , 99 , 179 , 124.0
153 , 132 , 2 , 124.0
153 , 148 , 198 , 155.0
153 , 170 , 80 , 155.0
153 , 181 , 21 , 155.0
153 , 197 , 217 , 186.0
153 , 208 , 158 , 186.0
153 , 219 , 99 , 186.0
153 , 230 , 40 , 186.0
153 , 246 , 236 , 217.0
154 , 21 , 31 , 62.0
154 , 37 , 227 , 93.0
154 , 48 , 168 , 93.0
154 , 70 , 50 , 93.0
154 , 86 , 246 , 124.0
154 , 97 , 187 , 124.0
154 , 119 , 69 , 124.0
154 , 130 , 10 , 124.0
154 , 146 , 206 , 155.0
154 , 157 , 147 , 155.0
154 , 168 , 88 , 155.0
154 , 179 , 29 , 155.0
154 , 195 , 225 , 186.0
154 , 217 , 107 , 186.0
155 , 8 , 98 , 62.0
155 , 19 , 39 , 62.0
155 , 35 , 235 , 93.0
155 , 46 , 176 , 93.0
155 , 57 , 117 , 93.0
155 , 68 , 58 , 93.0
155 , 84 , 254 , 124.0
155 , 95 , 195 , 124.0
155 , 106 , 136 , 124.0
155 , 117 , 77 , 124.0
155 , 128 , 18 , 124.0
155 , 155 , 155 , 155.0
155 , 166 , 96 , 155.0
155 , 177 , 37 , 155.0
155 , 193 , 233 , 186.0
155 , 204 , 174 , 186.0
155 , 215 , 115 , 186.0
155 , 226 , 56 , 186.0
155 , 242 , 252 , 217.0
156 , 6 , 106 , 62.0
156 , 17 , 47 , 62.0
156 , 33 , 243 , 93.0
156 , 55 , 125 , 93.0
156 , 66 , 66 , 93.0
156 , 104 , 144 , 124.0
156 , 142 , 222 , 155.0
156 , 153 , 163 , 155.0
156 , 164 , 104 , 155.0
156 , 175 , 45 , 155.0
156 , 191 , 241 , 186.0
156 , 202 , 182 , 186.0
156 , 235 , 5 , 186.0
156 , 251 , 201 , 217.0
157 , 4 , 114 , 62.0
157 , 15 , 55 , 62.0
157 , 31 , 251 , 93.0
157 , 42 , 192 , 93.0
157 , 53 , 133 , 93.0
157 , 64 , 74 , 93.0
157 , 75 , 15 , 93.0
157 , 91 , 211 , 124.0
157 , 102 , 152 , 124.0
157 , 140 , 230 , 155.0
157 , 151 , 171 , 155.0
157 , 162 , 112 , 155.0
157 , 173 , 53 , 155.0
157 , 189 , 249 , 186.0
157 , 200 , 190 , 186.0
157 , 211 , 131 , 186.0
157 , 233 , 13 , 186.0
157 , 249 , 209 , 217.0
158 , 2 , 122 , 62.0
158 , 13 , 63 , 62.0
158 , 24 , 4 , 62.0
158 , 40 , 200 , 93.0
158 , 51 , 141 , 93.0
158 , 73 , 23 , 93.0
158 , 89 , 219 , 124.0
158 , 100 , 160 , 124.0
158 , 122 , 42 , 124.0
158 , 138 , 238 , 155.0
158 , 149 , 179 , 155.0
158 , 171 , 61 , 155.0
158 , 182 , 2 , 155.0
158 , 198 , 198 , 186.0
158 , 220 , 80 , 186.0
158 , 231 , 21 , 186.0
158 , 247 , 217 , 217.0
159 , 0 , 130 , 62.0
159 , 11 , 71 , 62.0
159 , 49 , 149 , 93.0
159 , 60 , 90 , 93.0
159 , 71 , 31 , 93.0
159 , 87 , 227 , 124.0
159 , 98 , 168 , 124.0
159 , 120 , 50 , 124.0
159 , 136 , 246 , 155.0
159 , 158 , 128 , 155.0
159 , 169 , 69 , 155.0
159 , 196 , 206 , 186.0
159 , 207 , 147 , 186.0
159 , 218 , 88 , 186.0
160 , 9 , 79 , 62.0
160 , 20 , 20 , 62.0
160 , 36 , 216 , 93.0
160 , 58 , 98 , 93.0
160 , 85 , 235 , 124.0
160 , 96 , 176 , 124.0
160 , 107 , 117 , 124.0
160 , 134 , 254 , 155.0
160 , 145 , 195 , 155.0
160 , 156 , 136 , 155.0
160 , 167 , 77 , 155.0
160 , 205 , 155 , 186.0
160 , 216 , 96 , 186.0
160 , 227 , 37 , 186.0
160 , 243 , 233 , 217.0
160 , 254 , 174 , 217.0
161 , 7 , 87 , 62.0
161 , 34 , 224 , 93.0
161 , 45 , 165 , 93.0
161 , 56 , 106 , 93.0
161 , 67 , 47 , 93.0
161 , 83 , 243 , 124.0
161 , 105 , 125 , 124.0
161 , 116 , 66 , 124.0
161 , 143 , 203 , 155.0
161 , 154 , 144 , 155.0
161 , 176 , 26 , 155.0
161 , 192 , 222 , 186.0
161 , 203 , 163 , 186.0
161 , 214 , 104 , 186.0
161 , 225 , 45 , 186.0
161 , 241 , 241 , 217.0
162 , 5 , 95 , 62.0
162 , 16 , 36 , 62.0
162 , 32 , 232 , 93.0
162 , 43 , 173 , 93.0
162 , 65 , 55 , 93.0
162 , 81 , 251 , 124.0
162 , 92 , 192 , 124.0
162 , 103 , 133 , 124.0
162 , 125 , 15 , 124.0
162 , 141 , 211 , 155.0
162 , 152 , 152 , 155.0
162 , 163 , 93 , 155.0
162 , 174 , 34 , 155.0
162 , 190 , 230 , 186.0
162 , 201 , 171 , 186.0
162 , 212 , 112 , 186.0
162 , 223 , 53 , 186.0
162 , 239 , 249 , 217.0
162 , 250 , 190 , 217.0
163 , 3 , 103 , 62.0
163 , 14 , 44 , 62.0
163 , 30 , 240 , 93.0
163 , 41 , 181 , 93.0
163 , 52 , 122 , 93.0
163 , 63 , 63 , 93.0
163 , 74 , 4 , 93.0
163 , 90 , 200 , 124.0
163 , 101 , 141 , 124.0
163 , 123 , 23 , 124.0
163 , 139 , 219 , 155.0
163 , 150 , 160 , 155.0
163 , 161 , 101 , 155.0
163 , 172 , 42 , 155.0
163 , 188 , 238 , 186.0
163 , 199 , 179 , 186.0
163 , 221 , 61 , 186.0
163 , 232 , 2 , 186.0
163 , 248 , 198 , 217.0
164 , 1 , 111 , 62.0
164 , 28 , 248 , 93.0
164 , 39 , 189 , 93.0
164 , 61 , 71 , 93.0
164 , 110 , 90 , 124.0
164 , 121 , 31 , 124.0
164 , 137 , 227 , 155.0
164 , 159 , 109 , 155.0
164 , 170 , 50 , 155.0
164 , 186 , 246 , 186.0
164 , 208 , 128 , 186.0
165 , 10 , 60 , 62.0
165 , 21 , 1 , 62.0
165 , 37 , 197 , 93.0
165 , 48 , 138 , 93.0
165 , 59 , 79 , 93.0
165 , 70 , 20 , 93.0
165 , 86 , 216 , 124.0
165 , 108 , 98 , 124.0
165 , 119 , 39 , 124.0
165 , 146 , 176 , 155.0
165 , 157 , 117 , 155.0
165 , 168 , 58 , 155.0
165 , 184 , 254 , 186.0
165 , 195 , 195 , 186.0
165 , 206 , 136 , 186.0
165 , 217 , 77 , 186.0
165 , 255 , 155 , 217.0
166 , 8 , 68 , 62.0
166 , 19 , 9 , 62.0
166 , 46 , 146 , 93.0
166 , 57 , 87 , 93.0
166 , 95 , 165 , 124.0
166 , 106 , 106 , 124.0
166 , 117 , 47 , 124.0
166 , 144 , 184 , 155.0
166 , 155 , 125 , 155.0
166 , 166 , 66 , 155.0
166 , 177 , 7 , 155.0
166 , 193 , 203 , 186.0
166 , 204 , 144 , 186.0
166 , 226 , 26 , 186.0
166 , 242 , 222 , 217.0
166 , 253 , 163 , 217.0
167 , 6 , 76 , 62.0
167 , 17 , 17 , 62.0
167 , 33 , 213 , 93.0
167 , 44 , 154 , 93.0
167 , 55 , 95 , 93.0
167 , 93 , 173 , 124.0
167 , 131 , 251 , 155.0
167 , 142 , 192 , 155.0
167 , 153 , 133 , 155.0
167 , 164 , 74 , 155.0
167 , 175 , 15 , 155.0
167 , 191 , 211 , 186.0
167 , 202 , 152 , 186.0
167 , 224 , 34 , 186.0
167 , 240 , 230 , 217.0
167 , 251 , 171 , 217.0
168 , 4 , 84 , 62.0
168 , 15 , 25 , 62.0
168 , 31 , 221 , 93.0
168 , 42 , 162 , 93.0
168 , 53 , 103 , 93.0
168 , 64 , 44 , 93.0
168 , 80 , 240 , 124.0
168 , 91 , 181 , 124.0
168 , 102 , 122 , 124.0
168 , 113 , 63 , 124.0
168 , 124 , 4 , 124.0
168 , 140 , 200 , 155.0
168 , 162 , 82 , 155.0
168 , 173 , 23 , 155.0
168 , 189 , 219 , 186.0
168 , 200 , 160 , 186.0
168 , 211 , 101 , 186.0
168 , 222 , 42 , 186.0
168 , 238 , 238 , 217.0
168 , 249 , 179 , 217.0
169 , 13 , 33 , 62.0
169 , 29 , 229 , 93.0
169 , 40 , 170 , 93.0
169 , 51 , 111 , 93.0
169 , 62 , 52 , 93.0
169 , 78 , 248 , 124.0
169 , 89 , 189 , 124.0
169 , 111 , 71 , 124.0
169 , 138 , 208 , 155.0
169 , 149 , 149 , 155.0
169 , 160 , 90 , 155.0
169 , 171 , 31 , 155.0
169 , 187 , 227 , 186.0
169 , 209 , 109 , 186.0
170 , 0 , 100 , 62.0
170 , 11 , 41 , 62.0
170 , 27 , 237 , 93.0
170 , 38 , 178 , 93.0
170 , 49 , 119 , 93.0
170 , 60 , 60 , 93.0
170 , 71 , 1 , 93.0
170 , 87 , 197 , 124.0
170 , 98 , 138 , 124.0
170 , 109 , 79 , 124.0
170 , 120 , 20 , 124.0
170 , 136 , 216 , 155.0
170 , 147 , 157 , 155.0
170 , 158 , 98 , 155.0
170 , 196 , 176 , 186.0
170 , 207 , 117 , 186.0
170 , 218 , 58 , 186.0
170 , 234 , 254 , 217.0
171 , 9 , 49 , 62.0
171 , 25 , 245 , 93.0
171 , 36 , 186 , 93.0
171 , 47 , 127 , 93.0
171 , 58 , 68 , 93.0
171 , 96 , 146 , 124.0
171 , 107 , 87 , 124.0
171 , 134 , 224 , 155.0
171 , 145 , 165 , 155.0
171 , 194 , 184 , 186.0
171 , 205 , 125 , 186.0
171 , 216 , 66 , 186.0
172 , 23 , 253 , 93.0
172 , 34 , 194 , 93.0
172 , 45 , 135 , 93.0
172 , 56 , 76 , 93.0
172 , 67 , 17 , 93.0
172 , 83 , 213 , 124.0
172 , 94 , 154 , 124.0
172 , 105 , 95 , 124.0
172 , 132 , 232 , 155.0
172 , 143 , 173 , 155.0
172 , 154 , 114 , 155.0
172 , 165 , 55 , 155.0
172 , 181 , 251 , 186.0
172 , 192 , 192 , 186.0
172 , 203 , 133 , 186.0
172 , 214 , 74 , 186.0
172 , 225 , 15 , 186.0
172 , 241 , 211 , 217.0
173 , 5 , 65 , 62.0
173 , 32 , 202 , 93.0
173 , 43 , 143 , 93.0
173 , 65 , 25 , 93.0
173 , 81 , 221 , 124.0
173 , 92 , 162 , 124.0
173 , 114 , 44 , 124.0
173 , 130 , 240 , 155.0
173 , 141 , 181 , 155.0
173 , 163 , 63 , 155.0
173 , 174 , 4 , 155.0
173 , 190 , 200 , 186.0
173 , 212 , 82 , 186.0
173 , 223 , 23 , 186.0
173 , 239 , 219 , 217.0
173 , 250 , 160 , 217.0
174 , 3 , 73 , 62.0
174 , 30 , 210 , 93.0
174 , 52 , 92 , 93.0
174 , 79 , 229 , 124.0
174 , 101 , 111 , 124.0
174 , 112 , 52 , 124.0
174 , 128 , 248 , 155.0
174 , 150 , 130 , 155.0
174 , 161 , 71 , 155.0
174 , 199 , 149 , 186.0
174 , 210 , 90 , 186.0
175 , 1 , 81 , 62.0
175 , 12 , 22 , 62.0
175 , 28 , 218 , 93.0
175 , 50 , 100 , 93.0
175 , 61 , 41 , 93.0
175 , 77 , 237 , 124.0
175 , 99 , 119 , 124.0
175 , 121 , 1 , 124.0
175 , 137 , 197 , 155.0
175 , 148 , 138 , 155.0
175 , 159 , 79 , 155.0
175 , 170 , 20 , 155.0
175 , 186 , 216 , 186.0
175 , 197 , 157 , 186.0
175 , 208 , 98 , 186.0
175 , 235 , 235 , 217.0
175 , 246 , 176 , 217.0
176 , 26 , 226 , 93.0
176 , 37 , 167 , 93.0
176 , 48 , 108 , 93.0
176 , 75 , 245 , 124.0
176 , 86 , 186 , 124.0
176 , 97 , 127 , 124.0
176 , 108 , 68 , 124.0
176 , 135 , 205 , 155.0
176 , 146 , 146 , 155.0
176 , 157 , 87 , 155.0
176 , 168 , 28 , 155.0
176 , 184 , 224 , 186.0
176 , 195 , 165 , 186.0
176 , 244 , 184 , 217.0
176 , 255 , 125 , 217.0
177 , 8 , 38 , 62.0
177 , 24 , 234 , 93.0
177 , 35 , 175 , 93.0
177 , 46 , 116 , 93.0
177 , 73 , 253 , 124.0
177 , 84 , 194 , 124.0
177 , 95 , 135 , 124.0
177 , 106 , 76 , 124.0
177 , 117 , 17 , 124.0
177 , 133 , 213 , 155.0
177 , 144 , 154 , 155.0
177 , 166 , 36 , 155.0
177 , 182 , 232 , 186.0
177 , 193 , 173 , 186.0
177 , 204 , 114 , 186.0
177 , 215 , 55 , 186.0
177 , 231 , 251 , 217.0
177 , 242 , 192 , 217.0
178 , 6 , 46 , 62.0
178 , 22 , 242 , 93.0
178 , 33 , 183 , 93.0
178 , 44 , 124 , 93.0
178 , 55 , 65 , 93.0
178 , 66 , 6 , 93.0
178 , 82 , 202 , 124.0
178 , 93 , 143 , 124.0
178 , 115 , 25 , 124.0
178 , 131 , 221 , 155.0
178 , 142 , 162 , 155.0
178 , 153 , 103 , 155.0
178 , 164 , 44 , 155.0
178 , 180 , 240 , 186.0
178 , 191 , 181 , 186.0
178 , 213 , 63 , 186.0
178 , 224 , 4 , 186.0
178 , 240 , 200 , 217.0
178 , 251 , 141 , 217.0
179 , 20 , 250 , 93.0
179 , 31 , 191 , 93.0
179 , 53 , 73 , 93.0
179 , 64 , 14 , 93.0
179 , 80 , 210 , 124.0
179 , 102 , 92 , 124.0
179 , 113 , 33 , 124.0
179 , 129 , 229 , 155.0
179 , 151 , 111 , 155.0
179 , 162 , 52 , 155.0
179 , 178 , 248 , 186.0
179 , 200 , 130 , 186.0
179 , 211 , 71 , 186.0
179 , 249 , 149 , 217.0
180 , 2 , 62 , 62.0
180 , 13 , 3 , 62.0
180 , 29 , 199 , 93.0
180 , 40 , 140 , 93.0
180 , 51 , 81 , 93.0
180 , 62 , 22 , 93.0
180 , 78 , 218 , 124.0
180 , 100 , 100 , 124.0
180 , 111 , 41 , 124.0
180 , 127 , 237 , 155.0
180 , 149 , 119 , 155.0
180 , 171 , 1 , 155.0
180 , 187 , 197 , 186.0
180 , 198 , 138 , 186.0
180 , 209 , 79 , 186.0
180 , 247 , 157 , 217.0
181 , 0 , 70 , 62.0
181 , 11 , 11 , 62.0
181 , 38 , 148 , 93.0
181 , 49 , 89 , 93.0
181 , 87 , 167 , 124.0
181 , 98 , 108 , 124.0
181 , 109 , 49 , 124.0
181 , 125 , 245 , 155.0
181 , 136 , 186 , 155.0
181 , 169 , 9 , 155.0
181 , 185 , 205 , 186.0
181 , 196 , 146 , 186.0
181 , 207 , 87 , 186.0
181 , 234 , 224 , 217.0
182 , 9 , 19 , 62.0
182 , 25 , 215 , 93.0
182 , 36 , 156 , 93.0
182 , 47 , 97 , 93.0
182 , 58 , 38 , 93.0
182 , 85 , 175 , 124.0
182 , 123 , 253 , 155.0
182 , 134 , 194 , 155.0
182 , 145 , 135 , 155.0
182 , 156 , 76 , 155.0
182 , 167 , 17 , 155.0
182 , 183 , 213 , 186.0
182 , 194 , 154 , 186.0
182 , 216 , 36 , 186.0
182 , 232 , 232 , 217.0
182 , 243 , 173 , 217.0
183 , 7 , 27 , 62.0
183 , 23 , 223 , 93.0
183 , 34 , 164 , 93.0
183 , 56 , 46 , 93.0
183 , 72 , 242 , 124.0
183 , 83 , 183 , 124.0
183 , 105 , 65 , 124.0
183 , 116 , 6 , 124.0
183 , 132 , 202 , 155.0
183 , 154 , 84 , 155.0
183 , 165 , 25 , 155.0
183 , 181 , 221 , 186.0
183 , 192 , 162 , 186.0
183 , 203 , 103 , 186.0
183 , 214 , 44 , 186.0
183 , 230 , 240 , 217.0
183 , 241 , 181 , 217.0
184 , 5 , 35 , 62.0
184 , 32 , 172 , 93.0
184 , 43 , 113 , 93.0
184 , 54 , 54 , 93.0
184 , 70 , 250 , 124.0
184 , 81 , 191 , 124.0
184 , 103 , 73 , 124.0
184 , 130 , 210 , 155.0
184 , 141 , 151 , 155.0
184 , 152 , 92 , 155.0
184 , 163 , 33 , 155.0
184 , 179 , 229 , 186.0
184 , 201 , 111 , 186.0
184 , 212 , 52 , 186.0
184 , 250 , 130 , 217.0
185 , 3 , 43 , 62.0
185 , 19 , 239 , 93.0
185 , 30 , 180 , 93.0
185 , 41 , 121 , 93.0
185 , 52 , 62 , 93.0
185 , 79 , 199 , 124.0
185 , 90 , 140 , 124.0
185 , 101 , 81 , 124.0
185 , 112 , 22 , 124.0
185 , 139 , 159 , 155.0
185 , 150 , 100 , 155.0
185 , 161 , 41 , 155.0
185 , 177 , 237 , 186.0
185 , 188 , 178 , 186.0
185 , 199 , 119 , 186.0
185 , 221 , 1 , 186.0
185 , 237 , 197 , 217.0
185 , 248 , 138 , 217.0
186 , 1 , 51 , 62.0
186 , 17 , 247 , 93.0
186 , 28 , 188 , 93.0
186 , 39 , 129 , 93.0
186 , 50 , 70 , 93.0
186 , 88 , 148 , 124.0
186 , 99 , 89 , 124.0
186 , 126 , 226 , 155.0
186 , 137 , 167 , 155.0
186 , 148 , 108 , 155.0
186 , 175 , 245 , 186.0
186 , 186 , 186 , 186.0
186 , 219 , 9 , 186.0
186 , 235 , 205 , 217.0
186 , 246 , 146 , 217.0
187 , 10 , 0 , 62.0
187 , 15 , 255 , 93.0
187 , 26 , 196 , 93.0
187 , 37 , 137 , 93.0
187 , 48 , 78 , 93.0
187 , 59 , 19 , 93.0
187 , 75 , 215 , 124.0
187 , 86 , 156 , 124.0
187 , 97 , 97 , 124.0
187 , 108 , 38 , 124.0
187 , 124 , 234 , 155.0
187 , 135 , 175 , 155.0
187 , 146 , 116 , 155.0
187 , 157 , 57 , 155.0
187 , 173 , 253 , 186.0
187 , 184 , 194 , 186.0
187 , 195 , 135 , 186.0
187 , 206 , 76 , 186.0
187 , 217 , 17 , 186.0
187 , 233 , 213 , 217.0
188 , 8 , 8 , 62.0
188 , 24 , 204 , 93.0
188 , 35 , 145 , 93.0
188 , 46 , 86 , 93.0
188 , 57 , 27 , 93.0
188 , 73 , 223 , 124.0
188 , 84 , 164 , 124.0
188 , 106 , 46 , 124.0
188 , 122 , 242 , 155.0
188 , 133 , 183 , 155.0
188 , 144 , 124 , 155.0
188 , 155 , 65 , 155.0
188 , 166 , 6 , 155.0
188 , 182 , 202 , 186.0
188 , 204 , 84 , 186.0
188 , 215 , 25 , 186.0
188 , 231 , 221 , 217.0
188 , 242 , 162 , 217.0
188 , 253 , 103 , 217.0
189 , 22 , 212 , 93.0
189 , 44 , 94 , 93.0
189 , 71 , 231 , 124.0
189 , 93 , 113 , 124.0
189 , 104 , 54 , 124.0
189 , 120 , 250 , 155.0
189 , 142 , 132 , 155.0
189 , 153 , 73 , 155.0
189 , 191 , 151 , 186.0
189 , 202 , 92 , 186.0
189 , 251 , 111 , 217.0
190 , 4 , 24 , 62.0
190 , 20 , 220 , 93.0
190 , 31 , 161 , 93.0
190 , 42 , 102 , 93.0
190 , 53 , 43 , 93.0
190 , 69 , 239 , 124.0
190 , 91 , 121 , 124.0
190 , 102 , 62 , 124.0
190 , 113 , 3 , 124.0
190 , 129 , 199 , 155.0
190 , 140 , 140 , 155.0
190 , 189 , 159 , 186.0
190 , 200 , 100 , 186.0
190 , 211 , 41 , 186.0
190 , 227 , 237 , 217.0
190 , 238 , 178 , 217.0
190 , 249 , 119 , 217.0
191 , 2 , 32 , 62.0
191 , 18 , 228 , 93.0
191 , 29 , 169 , 93.0
191 , 51 , 51 , 93.0
191 , 67 , 247 , 124.0
191 , 78 , 188 , 124.0
191 , 89 , 129 , 124.0
191 , 100 , 70 , 124.0
191 , 127 , 207 , 155.0
191 , 138 , 148 , 155.0
191 , 160 , 30 , 155.0
191 , 176 , 226 , 186.0
191 , 187 , 167 , 186.0
191 , 198 , 108 , 186.0
191 , 225 , 245 , 217.0
192 , 16 , 236 , 93.0
192 , 27 , 177 , 93.0
192 , 38 , 118 , 93.0
192 , 60 , 0 , 93.0
192 , 76 , 196 , 124.0
192 , 87 , 137 , 124.0
192 , 109 , 19 , 124.0
192 , 125 , 215 , 155.0
192 , 158 , 38 , 155.0
192 , 174 , 234 , 186.0
192 , 185 , 175 , 186.0
192 , 196 , 116 , 186.0
192 , 207 , 57 , 186.0
192 , 223 , 253 , 217.0
192 , 234 , 194 , 217.0
193 , 14 , 244 , 93.0
193 , 25 , 185 , 93.0
193 , 36 , 126 , 93.0
193 , 47 , 67 , 93.0
193 , 58 , 8 , 93.0
193 , 74 , 204 , 124.0
193 , 85 , 145 , 124.0
193 , 96 , 86 , 124.0
193 , 107 , 27 , 124.0
193 , 123 , 223 , 155.0
193 , 134 , 164 , 155.0
193 , 145 , 105 , 155.0
193 , 156 , 46 , 155.0
193 , 172 , 242 , 186.0
193 , 183 , 183 , 186.0
193 , 194 , 124 , 186.0
193 , 205 , 65 , 186.0
193 , 216 , 6 , 186.0
193 , 232 , 202 , 217.0
193 , 243 , 143 , 217.0
193 , 254 , 84 , 217.0
194 , 12 , 252 , 93.0
194 , 23 , 193 , 93.0
194 , 45 , 75 , 93.0
194 , 56 , 16 , 93.0
194 , 72 , 212 , 124.0
194 , 94 , 94 , 124.0
194 , 121 , 231 , 155.0
194 , 132 , 172 , 155.0
194 , 143 , 113 , 155.0
194 , 154 , 54 , 155.0
194 , 170 , 250 , 186.0
194 , 192 , 132 , 186.0
194 , 203 , 73 , 186.0
194 , 241 , 151 , 217.0
195 , 5 , 5 , 62.0
195 , 21 , 201 , 93.0
195 , 32 , 142 , 93.0
195 , 43 , 83 , 93.0
195 , 54 , 24 , 93.0
195 , 70 , 220 , 124.0
195 , 81 , 161 , 124.0
195 , 92 , 102 , 124.0
195 , 103 , 43 , 124.0
195 , 130 , 180 , 155.0
195 , 141 , 121 , 155.0
195 , 152 , 62 , 155.0
195 , 179 , 199 , 186.0
195 , 190 , 140 , 186.0
195 , 239 , 159 , 217.0
195 , 250 , 100 , 217.0
196 , 3 , 13 , 62.0
196 , 30 , 150 , 93.0
196 , 41 , 91 , 93.0
196 , 79 , 169 , 124.0
196 , 117 , 247 , 155.0
196 , 128 , 188 , 155.0
196 , 139 , 129 , 155.0
196 , 150 , 70 , 155.0
196 , 161 , 11 , 155.0
196 , 177 , 207 , 186.0
196 , 210 , 30 , 186.0
196 , 226 , 226 , 217.0
196 , 237 , 167 , 217.0
196 , 248 , 108 , 217.0
197 , 1 , 21 , 62.0
197 , 17 , 217 , 93.0
197 , 50 , 40 , 93.0
197 , 66 , 236 , 124.0
197 , 77 , 177 , 124.0
197 , 115 , 255 , 155.0
197 , 126 , 196 , 155.0
197 , 137 , 137 , 155.0
197 , 148 , 78 , 155.0
197 , 175 , 215 , 186.0
197 , 208 , 38 , 186.0
197 , 224 , 234 , 217.0
197 , 235 , 175 , 217.0
198 , 15 , 225 , 93.0
198 , 26 , 166 , 93.0
198 , 48 , 48 , 93.0
198 , 64 , 244 , 124.0
198 , 75 , 185 , 124.0
198 , 97 , 67 , 124.0
198 , 108 , 8 , 124.0
198 , 124 , 204 , 155.0
198 , 146 , 86 , 155.0
198 , 157 , 27 , 155.0
198 , 173 , 223 , 186.0
198 , 195 , 105 , 186.0
198 , 206 , 46 , 186.0
198 , 222 , 242 , 217.0
198 , 233 , 183 , 217.0
198 , 244 , 124 , 217.0
198 , 255 , 65 , 217.0
199 , 24 , 174 , 93.0
199 , 35 , 115 , 93.0
199 , 62 , 252 , 124.0
199 , 73 , 193 , 124.0
199 , 95 , 75 , 124.0
199 , 106 , 16 , 124.0
199 , 133 , 153 , 155.0
199 , 144 , 94 , 155.0
199 , 171 , 231 , 186.0
199 , 182 , 172 , 186.0
199 , 193 , 113 , 186.0
199 , 204 , 54 , 186.0
199 , 242 , 132 , 217.0
200 , 11 , 241 , 93.0
200 , 22 , 182 , 93.0
200 , 33 , 123 , 93.0
200 , 44 , 64 , 93.0
200 , 71 , 201 , 124.0
200 , 82 , 142 , 124.0
200 , 93 , 83 , 124.0
200 , 104 , 24 , 124.0
200 , 120 , 220 , 155.0
200 , 131 , 161 , 155.0
200 , 142 , 102 , 155.0
200 , 180 , 180 , 186.0
200 , 191 , 121 , 186.0
200 , 202 , 62 , 186.0
200 , 213 , 3 , 186.0
200 , 229 , 199 , 217.0
200 , 240 , 140 , 217.0
200 , 251 , 81 , 217.0
201 , 9 , 249 , 93.0
201 , 20 , 190 , 93.0
201 , 31 , 131 , 93.0
201 , 42 , 72 , 93.0
201 , 53 , 13 , 93.0
201 , 80 , 150 , 124.0
201 , 91 , 91 , 124.0
201 , 118 , 228 , 155.0
201 , 129 , 169 , 155.0
201 , 151 , 51 , 155.0
201 , 167 , 247 , 186.0
201 , 178 , 188 , 186.0
201 , 189 , 129 , 186.0
201 , 200 , 70 , 186.0
201 , 211 , 11 , 186.0
202 , 18 , 198 , 93.0
202 , 29 , 139 , 93.0
202 , 51 , 21 , 93.0
202 , 67 , 217 , 124.0
202 , 100 , 40 , 124.0
202 , 116 , 236 , 155.0
202 , 149 , 59 , 155.0
202 , 160 , 0 , 155.0
202 , 165 , 255 , 186.0
202 , 176 , 196 , 186.0
202 , 187 , 137 , 186.0
202 , 198 , 78 , 186.0
202 , 225 , 215 , 217.0
203 , 0 , 10 , 62.0
203 , 16 , 206 , 93.0
203 , 27 , 147 , 93.0
203 , 38 , 88 , 93.0
203 , 49 , 29 , 93.0
203 , 65 , 225 , 124.0
203 , 76 , 166 , 124.0
203 , 98 , 48 , 124.0
203 , 114 , 244 , 155.0
203 , 125 , 185 , 155.0
203 , 136 , 126 , 155.0
203 , 147 , 67 , 155.0
203 , 158 , 8 , 155.0
203 , 174 , 204 , 186.0
203 , 196 , 86 , 186.0
203 , 207 , 27 , 186.0
203 , 223 , 223 , 217.0
203 , 234 , 164 , 217.0
203 , 245 , 105 , 217.0
204 , 14 , 214 , 93.0
204 , 36 , 96 , 93.0
204 , 47 , 37 , 93.0
204 , 85 , 115 , 124.0
204 , 96 , 56 , 124.0
204 , 112 , 252 , 155.0
204 , 134 , 134 , 155.0
204 , 145 , 75 , 155.0
204 , 183 , 153 , 186.0
204 , 194 , 94 , 186.0
204 , 232 , 172 , 217.0
204 , 243 , 113 , 217.0
205 , 12 , 222 , 93.0
205 , 23 , 163 , 93.0
205 , 34 , 104 , 93.0
205 , 45 , 45 , 93.0
205 , 61 , 241 , 124.0
205 , 83 , 123 , 124.0
205 , 94 , 64 , 124.0
205 , 121 , 201 , 155.0
205 , 132 , 142 , 155.0
205 , 143 , 83 , 155.0
205 , 154 , 24 , 155.0
205 , 170 , 220 , 186.0
205 , 181 , 161 , 186.0
205 , 192 , 102 , 186.0
205 , 230 , 180 , 217.0
205 , 241 , 121 , 217.0
206 , 10 , 230 , 93.0
206 , 21 , 171 , 93.0
206 , 32 , 112 , 93.0
206 , 70 , 190 , 124.0
206 , 81 , 131 , 124.0
206 , 103 , 13 , 124.0
206 , 119 , 209 , 155.0
206 , 130 , 150 , 155.0
206 , 141 , 91 , 155.0
206 , 152 , 32 , 155.0
206 , 168 , 228 , 186.0
206 , 179 , 169 , 186.0
206 , 201 , 51 , 186.0
206 , 217 , 247 , 217.0
206 , 228 , 188 , 217.0
206 , 239 , 129 , 217.0
206 , 250 , 70 , 217.0
207 , 8 , 238 , 93.0
207 , 30 , 120 , 93.0
207 , 52 , 2 , 93.0
207 , 68 , 198 , 124.0
207 , 79 , 139 , 124.0
207 , 101 , 21 , 124.0
207 , 117 , 217 , 155.0
207 , 128 , 158 , 155.0
207 , 139 , 99 , 155.0
207 , 150 , 40 , 155.0
207 , 166 , 236 , 186.0
207 , 199 , 59 , 186.0
207 , 210 , 0 , 186.0
207 , 215 , 255 , 217.0
207 , 226 , 196 , 217.0
207 , 248 , 78 , 217.0
208 , 6 , 246 , 93.0
208 , 17 , 187 , 93.0
208 , 28 , 128 , 93.0
208 , 39 , 69 , 93.0
208 , 50 , 10 , 93.0
208 , 66 , 206 , 124.0
208 , 77 , 147 , 124.0
208 , 88 , 88 , 124.0
208 , 99 , 29 , 124.0
208 , 115 , 225 , 155.0
208 , 137 , 107 , 155.0
208 , 148 , 48 , 155.0
208 , 164 , 244 , 186.0
208 , 175 , 185 , 186.0
208 , 186 , 126 , 186.0
208 , 197 , 67 , 186.0
208 , 208 , 8 , 186.0
208 , 224 , 204 , 217.0
208 , 235 , 145 , 217.0
208 , 246 , 86 , 217.0
209 , 4 , 254 , 93.0
209 , 15 , 195 , 93.0
209 , 26 , 136 , 93.0
209 , 37 , 77 , 93.0
209 , 48 , 18 , 93.0
209 , 64 , 214 , 124.0
209 , 86 , 96 , 124.0
209 , 97 , 37 , 124.0
209 , 113 , 233 , 155.0
209 , 124 , 174 , 155.0
209 , 135 , 115 , 155.0
209 , 146 , 56 , 155.0
209 , 162 , 252 , 186.0
209 , 184 , 134 , 186.0
209 , 195 , 75 , 186.0
209 , 233 , 153 , 217.0
210 , 13 , 203 , 93.0
210 , 24 , 144 , 93.0
210 , 35 , 85 , 93.0
210 , 46 , 26 , 93.0
210 , 62 , 222 , 124.0
210 , 73 , 163 , 124.0
210 , 84 , 104 , 124.0
210 , 95 , 45 , 124.0
210 , 111 , 241 , 155.0
210 , 122 , 182 , 155.0
210 , 133 , 123 , 155.0
210 , 155 , 5 , 155.0
210 , 171 , 201 , 186.0
210 , 182 , 142 , 186.0
210 , 193 , 83 , 186.0
210 , 204 , 24 , 186.0
210 , 231 , 161 , 217.0
210 , 242 , 102 , 217.0
211 , 11 , 211 , 93.0
211 , 22 , 152 , 93.0
211 , 33 , 93 , 93.0
211 , 71 , 171 , 124.0
211 , 82 , 112 , 124.0
211 , 109 , 249 , 155.0
211 , 120 , 190 , 155.0
211 , 153 , 13 , 155.0
211 , 169 , 209 , 186.0
211 , 180 , 150 , 186.0
211 , 191 , 91 , 186.0
211 , 202 , 32 , 186.0
211 , 251 , 51 , 217.0
212 , 9 , 219 , 93.0
212 , 20 , 160 , 93.0
212 , 42 , 42 , 93.0
212 , 58 , 238 , 124.0
212 , 69 , 179 , 124.0
212 , 102 , 2 , 124.0
212 , 140 , 80 , 155.0
212 , 151 , 21 , 155.0
212 , 167 , 217 , 186.0
212 , 178 , 158 , 186.0
212 , 189 , 99 , 186.0
212 , 200 , 40 , 186.0
212 , 216 , 236 , 217.0
212 , 227 , 177 , 217.0
212 , 249 , 59 , 217.0
213 , 7 , 227 , 93.0
213 , 18 , 168 , 93.0
213 , 40 , 50 , 93.0
213 , 56 , 246 , 124.0
213 , 67 , 187 , 124.0
213 , 89 , 69 , 124.0
213 , 100 , 10 , 124.0
213 , 116 , 206 , 155.0
213 , 127 , 147 , 155.0
213 , 138 , 88 , 155.0
213 , 149 , 29 , 155.0
213 , 165 , 225 , 186.0
213 , 187 , 107 , 186.0
213 , 198 , 48 , 186.0
213 , 214 , 244 , 217.0
213 , 225 , 185 , 217.0
213 , 236 , 126 , 217.0
213 , 247 , 67 , 217.0
214 , 5 , 235 , 93.0
214 , 16 , 176 , 93.0
214 , 27 , 117 , 93.0
214 , 38 , 58 , 93.0
214 , 54 , 254 , 124.0
214 , 76 , 136 , 124.0
214 , 87 , 77 , 124.0
214 , 125 , 155 , 155.0
214 , 136 , 96 , 155.0
214 , 147 , 37 , 155.0
214 , 163 , 233 , 186.0
214 , 174 , 174 , 186.0
214 , 185 , 115 , 186.0
214 , 196 , 56 , 186.0
214 , 212 , 252 , 217.0
214 , 234 , 134 , 217.0
214 , 245 , 75 , 217.0
215 , 3 , 243 , 93.0
215 , 14 , 184 , 93.0
215 , 25 , 125 , 93.0
215 , 36 , 66 , 93.0
215 , 74 , 144 , 124.0
215 , 85 , 85 , 124.0
215 , 96 , 26 , 124.0
215 , 112 , 222 , 155.0
215 , 123 , 163 , 155.0
215 , 134 , 104 , 155.0
215 , 145 , 45 , 155.0
215 , 161 , 241 , 186.0
215 , 172 , 182 , 186.0
215 , 183 , 123 , 186.0
215 , 205 , 5 , 186.0
215 , 221 , 201 , 217.0
215 , 232 , 142 , 217.0
215 , 243 , 83 , 217.0
216 , 1 , 251 , 93.0
216 , 12 , 192 , 93.0
216 , 34 , 74 , 93.0
216 , 45 , 15 , 93.0
216 , 61 , 211 , 124.0
216 , 72 , 152 , 124.0
216 , 83 , 93 , 124.0
216 , 110 , 230 , 155.0
216 , 121 , 171 , 155.0
216 , 132 , 112 , 155.0
216 , 143 , 53 , 155.0
216 , 159 , 249 , 186.0
216 , 170 , 190 , 186.0
216 , 203 , 13 , 186.0
216 , 219 , 209 , 217.0
216 , 230 , 150 , 217.0
216 , 241 , 91 , 217.0
217 , 10 , 200 , 93.0
217 , 21 , 141 , 93.0
217 , 43 , 23 , 93.0
217 , 59 , 219 , 124.0
217 , 70 , 160 , 124.0
217 , 92 , 42 , 124.0
217 , 108 , 238 , 155.0
217 , 119 , 179 , 155.0
217 , 130 , 120 , 155.0
217 , 141 , 61 , 155.0
217 , 190 , 80 , 186.0
217 , 201 , 21 , 186.0
217 , 217 , 217 , 217.0
217 , 239 , 99 , 217.0
217 , 250 , 40 , 217.0
218 , 30 , 90 , 93.0
218 , 106 , 246 , 155.0
218 , 117 , 187 , 155.0
218 , 128 , 128 , 155.0
218 , 177 , 147 , 186.0
218 , 188 , 88 , 186.0
218 , 199 , 29 , 186.0
218 , 215 , 225 , 217.0
218 , 226 , 166 , 217.0
219 , 17 , 157 , 93.0
219 , 28 , 98 , 93.0
219 , 55 , 235 , 124.0
219 , 66 , 176 , 124.0
219 , 77 , 117 , 124.0
219 , 88 , 58 , 124.0
219 , 104 , 254 , 155.0
219 , 115 , 195 , 155.0
219 , 126 , 136 , 155.0
219 , 137 , 77 , 155.0
219 , 175 , 155 , 186.0
219 , 186 , 96 , 186.0
219 , 197 , 37 , 186.0
219 , 213 , 233 , 217.0
219 , 224 , 174 , 217.0
220 , 4 , 224 , 93.0
220 , 15 , 165 , 93.0
220 , 26 , 106 , 93.0
220 , 37 , 47 , 93.0
220 , 53 , 243 , 124.0
220 , 75 , 125 , 124.0
220 , 86 , 66 , 124.0
220 , 124 , 144 , 155.0
220 , 146 , 26 , 155.0
220 , 162 , 222 , 186.0
220 , 173 , 163 , 186.0
220 , 184 , 104 , 186.0
220 , 195 , 45 , 186.0
220 , 211 , 241 , 217.0
220 , 222 , 182 , 217.0
220 , 233 , 123 , 217.0
220 , 255 , 5 , 217.0
221 , 2 , 232 , 93.0
221 , 13 , 173 , 93.0
221 , 24 , 114 , 93.0
221 , 51 , 251 , 124.0
221 , 62 , 192 , 124.0
221 , 73 , 133 , 124.0
221 , 95 , 15 , 124.0
221 , 111 , 211 , 155.0
221 , 144 , 34 , 155.0
221 , 160 , 230 , 186.0
221 , 171 , 171 , 186.0
221 , 182 , 112 , 186.0
221 , 193 , 53 , 186.0
221 , 209 , 249 , 217.0
221 , 253 , 13 , 217.0
222 , 0 , 240 , 93.0
222 , 22 , 122 , 93.0
222 , 33 , 63 , 93.0
222 , 60 , 200 , 124.0
222 , 71 , 141 , 124.0
222 , 93 , 23 , 124.0
222 , 109 , 219 , 155.0
222 , 131 , 101 , 155.0
222 , 142 , 42 , 155.0
222 , 158 , 238 , 186.0
222 , 169 , 179 , 186.0
222 , 191 , 61 , 186.0
222 , 218 , 198 , 217.0
222 , 240 , 80 , 217.0
222 , 251 , 21 , 217.0
223 , 9 , 189 , 93.0
223 , 31 , 71 , 93.0
223 , 80 , 90 , 124.0
223 , 129 , 109 , 155.0
223 , 140 , 50 , 155.0
223 , 156 , 246 , 186.0
223 , 167 , 187 , 186.0
223 , 178 , 128 , 186.0
223 , 227 , 147 , 217.0
223 , 238 , 88 , 217.0
223 , 249 , 29 , 217.0
224 , 7 , 197 , 93.0
224 , 18 , 138 , 93.0
224 , 29 , 79 , 93.0
224 , 40 , 20 , 93.0
224 , 67 , 157 , 124.0
224 , 78 , 98 , 124.0
224 , 105 , 235 , 155.0
224 , 116 , 176 , 155.0
224 , 127 , 117 , 155.0
224 , 138 , 58 , 155.0
224 , 154 , 254 , 186.0
224 , 165 , 195 , 186.0
224 , 176 , 136 , 186.0
224 , 187 , 77 , 186.0
224 , 225 , 155 , 217.0
224 , 236 , 96 , 217.0
224 , 247 , 37 , 217.0
225 , 5 , 205 , 93.0
225 , 16 , 146 , 93.0
225 , 27 , 87 , 93.0
225 , 38 , 28 , 93.0
225 , 54 , 224 , 124.0
225 , 65 , 165 , 124.0
225 , 76 , 106 , 124.0
225 , 87 , 47 , 124.0
225 , 114 , 184 , 155.0
225 , 125 , 125 , 155.0
225 , 136 , 66 , 155.0
225 , 147 , 7 , 155.0
225 , 174 , 144 , 186.0
225 , 196 , 26 , 186.0
225 , 212 , 222 , 217.0
225 , 223 , 163 , 217.0
225 , 234 , 104 , 217.0
226 , 3 , 213 , 93.0
226 , 14 , 154 , 93.0
226 , 25 , 95 , 93.0
226 , 63 , 173 , 124.0
226 , 74 , 114 , 124.0
226 , 101 , 251 , 155.0
226 , 112 , 192 , 155.0
226 , 123 , 133 , 155.0
226 , 134 , 74 , 155.0
226 , 145 , 15 , 155.0
226 , 161 , 211 , 186.0
226 , 194 , 34 , 186.0
226 , 210 , 230 , 217.0
226 , 221 , 171 , 217.0
226 , 232 , 112 , 217.0
227 , 1 , 221 , 93.0
227 , 12 , 162 , 93.0
227 , 34 , 44 , 93.0
227 , 50 , 240 , 124.0
227 , 83 , 63 , 124.0
227 , 110 , 200 , 155.0
227 , 121 , 141 , 155.0
227 , 132 , 82 , 155.0
227 , 181 , 101 , 186.0
227 , 192 , 42 , 186.0
227 , 208 , 238 , 217.0
227 , 241 , 61 , 217.0
228 , 10 , 170 , 93.0
228 , 21 , 111 , 93.0
228 , 48 , 248 , 124.0
228 , 81 , 71 , 124.0
228 , 108 , 208 , 155.0
228 , 119 , 149 , 155.0
228 , 130 , 90 , 155.0
228 , 179 , 109 , 186.0
228 , 190 , 50 , 186.0
228 , 206 , 246 , 217.0
228 , 217 , 187 , 217.0
229 , 8 , 178 , 93.0
229 , 19 , 119 , 93.0
229 , 30 , 60 , 93.0
229 , 41 , 1 , 93.0
229 , 57 , 197 , 124.0
229 , 68 , 138 , 124.0
229 , 79 , 79 , 124.0
229 , 90 , 20 , 124.0
229 , 106 , 216 , 155.0
229 , 128 , 98 , 155.0
229 , 166 , 176 , 186.0
229 , 177 , 117 , 186.0
229 , 188 , 58 , 186.0
229 , 204 , 254 , 217.0
229 , 215 , 195 , 217.0
230 , 6 , 186 , 93.0
230 , 17 , 127 , 93.0
230 , 28 , 68 , 93.0
230 , 66 , 146 , 124.0
230 , 77 , 87 , 124.0
230 , 104 , 224 , 155.0
230 , 115 , 165 , 155.0
230 , 164 , 184 , 186.0
230 , 175 , 125 , 186.0
230 , 186 , 66 , 186.0
230 , 197 , 7 , 186.0
230 , 213 , 203 , 217.0
230 , 224 , 144 , 217.0
230 , 235 , 85 , 217.0
230 , 246 , 26 , 217.0
231 , 4 , 194 , 93.0
231 , 26 , 76 , 93.0
231 , 37 , 17 , 93.0
231 , 53 , 213 , 124.0
231 , 64 , 154 , 124.0
231 , 75 , 95 , 124.0
231 , 102 , 232 , 155.0
231 , 113 , 173 , 155.0
231 , 135 , 55 , 155.0
231 , 151 , 251 , 186.0
231 , 162 , 192 , 186.0
231 , 173 , 133 , 186.0
231 , 184 , 74 , 186.0
231 , 195 , 15 , 186.0
231 , 211 , 211 , 217.0
231 , 244 , 34 , 217.0
232 , 2 , 202 , 93.0
232 , 13 , 143 , 93.0
232 , 35 , 25 , 93.0
232 , 51 , 221 , 124.0
232 , 62 , 162 , 124.0
232 , 84 , 44 , 124.0
232 , 100 , 240 , 155.0
232 , 133 , 63 , 155.0
232 , 144 , 4 , 155.0
232 , 160 , 200 , 186.0
232 , 171 , 141 , 186.0
232 , 182 , 82 , 186.0
232 , 231 , 101 , 217.0
232 , 242 , 42 , 217.0
233 , 0 , 210 , 93.0
233 , 22 , 92 , 93.0
233 , 71 , 111 , 124.0
233 , 98 , 248 , 155.0
233 , 120 , 130 , 155.0
233 , 131 , 71 , 155.0
233 , 142 , 12 , 155.0
233 , 158 , 208 , 186.0
233 , 169 , 149 , 186.0
233 , 229 , 109 , 217.0
233 , 240 , 50 , 217.0
234 , 9 , 159 , 93.0
234 , 20 , 100 , 93.0
234 , 47 , 237 , 124.0
234 , 58 , 178 , 124.0
234 , 69 , 119 , 124.0
234 , 80 , 60 , 124.0
234 , 91 , 1 , 124.0
234 , 107 , 197 , 155.0
234 , 118 , 138 , 155.0
234 , 129 , 79 , 155.0
234 , 140 , 20 , 155.0
234 , 156 , 216 , 186.0
234 , 178 , 98 , 186.0
234 , 216 , 176 , 217.0
234 , 227 , 117 , 217.0
234 , 238 , 58 , 217.0
234 , 254 , 254 , 248.0
235 , 7 , 167 , 93.0
235 , 18 , 108 , 93.0
235 , 29 , 49 , 93.0
235 , 45 , 245 , 124.0
235 , 56 , 186 , 124.0
235 , 67 , 127 , 124.0
235 , 78 , 68 , 124.0
235 , 105 , 205 , 155.0
235 , 116 , 146 , 155.0
235 , 127 , 87 , 155.0
235 , 154 , 224 , 186.0
235 , 165 , 165 , 186.0
235 , 214 , 184 , 217.0
235 , 225 , 125 , 217.0
235 , 247 , 7 , 217.0
236 , 5 , 175 , 93.0
236 , 16 , 116 , 93.0
236 , 54 , 194 , 124.0
236 , 65 , 135 , 124.0
236 , 87 , 17 , 124.0
236 , 103 , 213 , 155.0
236 , 114 , 154 , 155.0
236 , 125 , 95 , 155.0
236 , 136 , 36 , 155.0
236 , 152 , 232 , 186.0
236 , 163 , 173 , 186.0
236 , 185 , 55 , 186.0
236 , 201 , 251 , 217.0
236 , 212 , 192 , 217.0
236 , 223 , 133 , 217.0
236 , 234 , 74 , 217.0
237 , 14 , 124 , 93.0
237 , 25 , 65 , 93.0
237 , 52 , 202 , 124.0
237 , 85 , 25 , 124.0
237 , 101 , 221 , 155.0
237 , 112 , 162 , 155.0
237 , 123 , 103 , 155.0
237 , 134 , 44 , 155.0
237 , 150 , 240 , 186.0
237 , 183 , 63 , 186.0
237 , 194 , 4 , 186.0
237 , 210 , 200 , 217.0
237 , 232 , 82 , 217.0
237 , 243 , 23 , 217.0
238 , 1 , 191 , 93.0
238 , 34 , 14 , 93.0
238 , 50 , 210 , 124.0
238 , 72 , 92 , 124.0
238 , 99 , 229 , 155.0
238 , 121 , 111 , 155.0
238 , 170 , 130 , 186.0
238 , 181 , 71 , 186.0
238 , 192 , 12 , 186.0
238 , 208 , 208 , 217.0
239 , 21 , 81 , 93.0
239 , 32 , 22 , 93.0
239 , 70 , 100 , 124.0
239 , 97 , 237 , 155.0
239 , 119 , 119 , 155.0
239 , 130 , 60 , 155.0
239 , 141 , 1 , 155.0
239 , 157 , 197 , 186.0
239 , 168 , 138 , 186.0
239 , 179 , 79 , 186.0
239 , 190 , 20 , 186.0
239 , 206 , 216 , 217.0
240 , 8 , 148 , 93.0
240 , 19 , 89 , 93.0
240 , 30 , 30 , 93.0
240 , 46 , 226 , 124.0
240 , 57 , 167 , 124.0
240 , 68 , 108 , 124.0
240 , 79 , 49 , 124.0
240 , 95 , 245 , 155.0
240 , 106 , 186 , 155.0
240 , 117 , 127 , 155.0
240 , 139 , 9 , 155.0
240 , 155 , 205 , 186.0
240 , 166 , 146 , 186.0
240 , 177 , 87 , 186.0
240 , 188 , 28 , 186.0
240 , 204 , 224 , 217.0
240 , 215 , 165 , 217.0
240 , 226 , 106 , 217.0
241 , 6 , 156 , 93.0
241 , 17 , 97 , 93.0
241 , 28 , 38 , 93.0
241 , 55 , 175 , 124.0
241 , 66 , 116 , 124.0
241 , 93 , 253 , 155.0
241 , 104 , 194 , 155.0
241 , 126 , 76 , 155.0
241 , 137 , 17 , 155.0
241 , 153 , 213 , 186.0
241 , 164 , 154 , 186.0
241 , 175 , 95 , 186.0
241 , 186 , 36 , 186.0
241 , 202 , 232 , 217.0
241 , 235 , 55 , 217.0
241 , 251 , 251 , 248.0
242 , 4 , 164 , 93.0
242 , 26 , 46 , 93.0
242 , 42 , 242 , 124.0
242 , 75 , 65 , 124.0
242 , 102 , 202 , 155.0
242 , 124 , 84 , 155.0
242 , 135 , 25 , 155.0
242 , 151 , 221 , 186.0
242 , 162 , 162 , 186.0
242 , 173 , 103 , 186.0
242 , 200 , 240 , 217.0
242 , 233 , 63 , 217.0
243 , 2 , 172 , 93.0
243 , 13 , 113 , 93.0
243 , 51 , 191 , 124.0
243 , 73 , 73 , 124.0
243 , 111 , 151 , 155.0
243 , 122 , 92 , 155.0
243 , 133 , 33 , 155.0
243 , 149 , 229 , 186.0
243 , 171 , 111 , 186.0
243 , 220 , 130 , 217.0
243 , 231 , 71 , 217.0
243 , 242 , 12 , 217.0
244 , 0 , 180 , 93.0
244 , 11 , 121 , 93.0
244 , 22 , 62 , 93.0
244 , 33 , 3 , 93.0
244 , 49 , 199 , 124.0
244 , 60 , 140 , 124.0
244 , 71 , 81 , 124.0
244 , 82 , 22 , 124.0
244 , 98 , 218 , 155.0
244 , 109 , 159 , 155.0
244 , 120 , 100 , 155.0
244 , 131 , 41 , 155.0
244 , 147 , 237 , 186.0
244 , 169 , 119 , 186.0
244 , 191 , 1 , 186.0
244 , 207 , 197 , 217.0
244 , 218 , 138 , 217.0
244 , 229 , 79 , 217.0
244 , 240 , 20 , 217.0
245 , 9 , 129 , 93.0
245 , 20 , 70 , 93.0
245 , 58 , 148 , 124.0
245 , 96 , 226 , 155.0
245 , 107 , 167 , 155.0
245 , 118 , 108 , 155.0
245 , 129 , 49 , 155.0
245 , 145 , 245 , 186.0
245 , 156 , 186 , 186.0
245 , 167 , 127 , 186.0
245 , 189 , 9 , 186.0
245 , 205 , 205 , 217.0
245 , 216 , 146 , 217.0
245 , 227 , 87 , 217.0
245 , 238 , 28 , 217.0
245 , 254 , 224 , 248.0
246 , 7 , 137 , 93.0
246 , 18 , 78 , 93.0
246 , 29 , 19 , 93.0
246 , 45 , 215 , 124.0
246 , 56 , 156 , 124.0
246 , 67 , 97 , 124.0
246 , 78 , 38 , 124.0
246 , 94 , 234 , 155.0
246 , 105 , 175 , 155.0
246 , 116 , 116 , 155.0
246 , 127 , 57 , 155.0
246 , 143 , 253 , 186.0
246 , 154 , 194 , 186.0
246 , 176 , 76 , 186.0
246 , 187 , 17 , 186.0
246 , 203 , 213 , 217.0
246 , 214 , 154 , 217.0
246 , 225 , 95 , 217.0
247 , 5 , 145 , 93.0
247 , 16 , 86 , 93.0
247 , 27 , 27 , 93.0
247 , 43 , 223 , 124.0
247 , 54 , 164 , 124.0
247 , 76 , 46 , 124.0
247 , 92 , 242 , 155.0
247 , 103 , 183 , 155.0
247 , 114 , 124 , 155.0
247 , 125 , 65 , 155.0
247 , 174 , 84 , 186.0
247 , 185 , 25 , 186.0
247 , 201 , 221 , 217.0
247 , 212 , 162 , 217.0
247 , 223 , 103 , 217.0
247 , 234 , 44 , 217.0
247 , 250 , 240 , 248.0
248 , 14 , 94 , 93.0
248 , 63 , 113 , 124.0
248 , 90 , 250 , 155.0
248 , 112 , 132 , 155.0
248 , 161 , 151 , 186.0
248 , 172 , 92 , 186.0
248 , 183 , 33 , 186.0
248 , 199 , 229 , 217.0
249 , 1 , 161 , 93.0
249 , 12 , 102 , 93.0
249 , 23 , 43 , 93.0
249 , 39 , 239 , 124.0
249 , 50 , 180 , 124.0
249 , 61 , 121 , 124.0
249 , 72 , 62 , 124.0
249 , 83 , 3 , 124.0
249 , 99 , 199 , 155.0
249 , 110 , 140 , 155.0
249 , 121 , 81 , 155.0
249 , 159 , 159 , 186.0
249 , 170 , 100 , 186.0
249 , 181 , 41 , 186.0
249 , 197 , 237 , 217.0
249 , 241 , 1 , 217.0
250 , 10 , 110 , 93.0
250 , 21 , 51 , 93.0
250 , 37 , 247 , 124.0
250 , 48 , 188 , 124.0
250 , 59 , 129 , 124.0
250 , 70 , 70 , 124.0
250 , 97 , 207 , 155.0
250 , 108 , 148 , 155.0
250 , 130 , 30 , 155.0
250 , 146 , 226 , 186.0
250 , 157 , 167 , 186.0
250 , 168 , 108 , 186.0
250 , 179 , 49 , 186.0
250 , 195 , 245 , 217.0
250 , 206 , 186 , 217.0
250 , 217 , 127 , 217.0
250 , 239 , 9 , 217.0
250 , 255 , 205 , 248.0
251 , 8 , 118 , 93.0
251 , 30 , 0 , 93.0
251 , 46 , 196 , 124.0
251 , 57 , 137 , 124.0
251 , 79 , 19 , 124.0
251 , 95 , 215 , 155.0
251 , 106 , 156 , 155.0
251 , 128 , 38 , 155.0
251 , 144 , 234 , 186.0
251 , 155 , 175 , 186.0
251 , 166 , 116 , 186.0
251 , 177 , 57 , 186.0
251 , 193 , 253 , 217.0
251 , 204 , 194 , 217.0
251 , 226 , 76 , 217.0
251 , 237 , 17 , 217.0
251 , 253 , 213 , 248.0
252 , 6 , 126 , 93.0
252 , 17 , 67 , 93.0
252 , 66 , 86 , 124.0
252 , 77 , 27 , 124.0
252 , 93 , 223 , 155.0
252 , 115 , 105 , 155.0
252 , 126 , 46 , 155.0
252 , 142 , 242 , 186.0
252 , 153 , 183 , 186.0
252 , 164 , 124 , 186.0
252 , 175 , 65 , 186.0
252 , 224 , 84 , 217.0
252 , 235 , 25 , 217.0
252 , 251 , 221 , 248.0
253 , 26 , 16 , 93.0
253 , 42 , 212 , 124.0
253 , 64 , 94 , 124.0
253 , 102 , 172 , 155.0
253 , 113 , 113 , 155.0
253 , 124 , 54 , 155.0
253 , 140 , 250 , 186.0
253 , 162 , 132 , 186.0
253 , 211 , 151 , 217.0
253 , 222 , 92 , 217.0
253 , 233 , 33 , 217.0
253 , 249 , 229 , 248.0
254 , 13 , 83 , 93.0
254 , 24 , 24 , 93.0
254 , 40 , 220 , 124.0
254 , 51 , 161 , 124.0
254 , 62 , 102 , 124.0
254 , 89 , 239 , 155.0
254 , 100 , 180 , 155.0
254 , 111 , 121 , 155.0
254 , 122 , 62 , 155.0
254 , 149 , 199 , 186.0
254 , 160 , 140 , 186.0
254 , 171 , 81 , 186.0
254 , 209 , 159 , 217.0
254 , 220 , 100 , 217.0
254 , 231 , 41 , 217.0
254 , 247 , 237 , 248.0
255 , 0 , 150 , 93.0
255 , 11 , 91 , 93.0
255 , 22 , 32 , 93.0
255 , 38 , 228 , 124.0
255 , 49 , 169 , 124.0
255 , 60 , 110 , 124.0
255 , 71 , 51 , 124.0
255 , 87 , 247 , 155.0
255 , 98 , 188 , 155.0
255 , 109 , 129 , 155.0
255 , 120 , 70 , 155.0
255 , 131 , 11 , 155.0
255 , 147 , 207 , 186.0
255 , 158 , 148 , 186.0
255 , 180 , 30 , 186.0
255 , 196 , 226 , 217.0
255 , 207 , 167 , 217.0
255 , 218 , 108 , 217.0
